lon,lat,treatment_intensity,building_footprint,tin_roof_area,night_light
34.2575,-0.0475,0-3,0%-1%,0%-1%,0.0-0.4
34.2575,-0.0425,0-3,1%-2%,0%-1%,0.0-0.4
34.2625,-0.0425,0-3,0%-1%,0%-1%,0.0-0.4
34.2675,-0.0425,4-6,1%-2%,0%-1%,0.0-0.4
34.2625,-0.0375,0-3,0%-1%,0%-1%,0.0-0.4
34.2675,-0.0375,0-3,0%-1%,0%-1%,0.0-0.4
34.2725,-0.0375,7-9,1%-2%,0%-1%,0.0-0.4
34.2925,-0.0375,4-6,0%-1%,0%-1%,0.0-0.4
34.2975,-0.0375,10-12,0%-1%,0%-1%,0.0-0.4
34.3025,-0.0375,7-9,0%-1%,0%-1%,0.0-0.4
34.3125,-0.0375,0-3,0%-1%,0%-1%,0.0-0.4
34.2625,-0.0325,0-3,0%-1%,0%-1%,0.0-0.4
34.2675,-0.0325,0-3,0%-1%,0%-1%,0.0-0.4
34.2725,-0.0325,0-3,1%-2%,0%-1%,0.0-0.4
34.2925,-0.0325,0-3,1%-2%,1%-2%,0.0-0.4
34.2975,-0.0325,10-12,0%-1%,0%-1%,0.0-0.4
34.3025,-0.0325,4-6,2%-3%,1%-2%,0.0-0.4
34.3125,-0.0325,0-3,0%-1%,0%-1%,0.0-0.4
34.3175,-0.0325,4-6,0%-1%,0%-1%,0.0-0.4
34.3225,-0.0325,13-,1%-2%,0%-1%,0.0-0.4
34.3375,-0.0325,0-3,0%-1%,0%-1%,0.0-0.4
34.2575,-0.0275,0-3,0%-1%,0%-1%,0.0-0.4
34.2625,-0.0275,0-3,0%-1%,0%-1%,0.0-0.4
34.2675,-0.0275,0-3,0%-1%,0%-1%,0.0-0.4
34.2725,-0.0275,0-3,1%-2%,0%-1%,0.0-0.4
34.2775,-0.0275,0-3,1%-2%,0%-1%,0.0-0.4
34.2875,-0.0275,7-9,0%-1%,0%-1%,0.0-0.4
34.2925,-0.0275,4-6,0%-1%,0%-1%,0.0-0.4
34.3075,-0.0275,0-3,0%-1%,0%-1%,0.4-0.8
34.3125,-0.0275,0-3,2%-3%,1%-2%,0.0-0.4
34.3175,-0.0275,7-9,1%-2%,1%-2%,0.0-0.4
34.3225,-0.0275,10-12,1%-2%,1%-2%,0.0-0.4
34.3375,-0.0275,0-3,1%-2%,0%-1%,0.0-0.4
34.3425,-0.0275,0-3,0%-1%,0%-1%,0.0-0.4
34.3575,-0.0275,0-3,0%-1%,0%-1%,0.0-0.4
34.2525,-0.0225,0-3,1%-2%,1%-2%,0.0-0.4
34.2575,-0.0225,13-,1%-2%,1%-2%,0.0-0.4
34.2625,-0.0225,0-3,1%-2%,0%-1%,0.0-0.4
34.2725,-0.0225,0-3,0%-1%,0%-1%,0.0-0.4
34.2825,-0.0225,10-12,3%-4%,1%-2%,0.0-0.4
34.2875,-0.0225,13-,1%-2%,0%-1%,0.0-0.4
34.2925,-0.0225,4-6,0%-1%,0%-1%,0.0-0.4
34.2975,-0.0225,13-,1%-2%,0%-1%,0.0-0.4
34.3125,-0.0225,0-3,1%-2%,0%-1%,0.0-0.4
34.3175,-0.0225,13-,1%-2%,0%-1%,0.0-0.4
34.3225,-0.0225,7-9,1%-2%,1%-2%,0.0-0.4
34.3325,-0.0225,0-3,0%-1%,0%-1%,0.0-0.4
34.3375,-0.0225,0-3,1%-2%,0%-1%,0.0-0.4
34.3425,-0.0225,0-3,0%-1%,0%-1%,0.4-0.8
34.3525,-0.0225,0-3,1%-2%,0%-1%,0.0-0.4
34.3575,-0.0225,0-3,0%-1%,0%-1%,0.0-0.4
34.3625,-0.0225,0-3,0%-1%,0%-1%,0.0-0.4
34.2425,-0.0175,0-3,0%-1%,0%-1%,0.0-0.4
34.2475,-0.0175,0-3,0%-1%,0%-1%,0.0-0.4
34.2575,-0.0175,10-12,1%-2%,0%-1%,0.0-0.4
34.2625,-0.0175,4-6,1%-2%,0%-1%,0.0-0.4
34.2825,-0.0175,7-9,0%-1%,0%-1%,0.0-0.4
34.2875,-0.0175,7-9,1%-2%,0%-1%,0.0-0.4
34.2925,-0.0175,7-9,0%-1%,0%-1%,0.0-0.4
34.2975,-0.0175,10-12,0%-1%,0%-1%,0.0-0.4
34.3025,-0.0175,0-3,0%-1%,0%-1%,0.0-0.4
34.3125,-0.0175,0-3,0%-1%,0%-1%,0.0-0.4
34.3175,-0.0175,4-6,0%-1%,0%-1%,0.0-0.4
34.3225,-0.0175,0-3,1%-2%,0%-1%,0.0-0.4
34.3325,-0.0175,0-3,1%-2%,0%-1%,0.0-0.4
34.3375,-0.0175,0-3,1%-2%,0%-1%,0.4-0.8
34.3425,-0.0175,0-3,1%-2%,0%-1%,0.8-1.2
34.3475,-0.0175,0-3,1%-2%,1%-2%,0.8-1.2
34.3525,-0.0175,0-3,1%-2%,0%-1%,0.0-0.4
34.3575,-0.0175,0-3,0%-1%,0%-1%,0.0-0.4
34.2375,-0.0125,0-3,1%-2%,0%-1%,0.0-0.4
34.2425,-0.0125,7-9,0%-1%,0%-1%,0.0-0.4
34.2475,-0.0125,7-9,0%-1%,0%-1%,0.0-0.4
34.2525,-0.0125,0-3,0%-1%,0%-1%,0.0-0.4
34.2825,-0.0125,0-3,0%-1%,0%-1%,0.0-0.4
34.3325,-0.0125,0-3,1%-2%,0%-1%,0.0-0.4
34.3375,-0.0125,0-3,1%-2%,0%-1%,0.8-1.2
34.3425,-0.0125,0-3,1%-2%,0%-1%,0.8-1.2
34.3475,-0.0125,0-3,3%-4%,2%-3%,0.8-1.2
34.3675,-0.0125,0-3,0%-1%,0%-1%,0.0-0.4
34.1975,-0.0075,0-3,0%-1%,0%-1%,0.0-0.4
34.2025,-0.0075,0-3,0%-1%,0%-1%,0.0-0.4
34.2325,-0.0075,4-6,0%-1%,0%-1%,0.0-0.4
34.2375,-0.0075,7-9,1%-2%,0%-1%,0.0-0.4
34.2425,-0.0075,4-6,0%-1%,0%-1%,0.0-0.4
34.2475,-0.0075,0-3,0%-1%,0%-1%,0.0-0.4
34.2875,-0.0075,0-3,0%-1%,0%-1%,0.0-0.4
34.2925,-0.0075,0-3,0%-1%,0%-1%,0.0-0.4
34.2975,-0.0075,0-3,0%-1%,0%-1%,0.0-0.4
34.3025,-0.0075,0-3,1%-2%,0%-1%,0.0-0.4
34.3325,-0.0075,0-3,0%-1%,0%-1%,0.4-0.8
34.3375,-0.0075,0-3,2%-3%,1%-2%,0.8-1.2
34.3525,-0.0075,7-9,1%-2%,0%-1%,0.0-0.4
34.3575,-0.0075,10-12,0%-1%,0%-1%,0.0-0.4
34.3625,-0.0075,0-3,0%-1%,0%-1%,0.0-0.4
34.3675,-0.0075,4-6,0%-1%,0%-1%,0.0-0.4
34.1925,-0.0025,0-3,1%-2%,0%-1%,0.0-0.4
34.1975,-0.0025,0-3,0%-1%,0%-1%,0.0-0.4
34.2025,-0.0025,0-3,0%-1%,0%-1%,0.0-0.4
34.2075,-0.0025,0-3,0%-1%,0%-1%,0.0-0.4
34.2325,-0.0025,0-3,0%-1%,0%-1%,0.0-0.4
34.2425,-0.0025,0-3,0%-1%,0%-1%,0.0-0.4
34.2825,-0.0025,13-,1%-2%,0%-1%,0.0-0.4
34.2875,-0.0025,7-9,1%-2%,0%-1%,0.0-0.4
34.2925,-0.0025,0-3,1%-2%,0%-1%,0.0-0.4
34.2975,-0.0025,0-3,1%-2%,0%-1%,0.0-0.4
34.3025,-0.0025,0-3,0%-1%,0%-1%,0.0-0.4
34.3275,-0.0025,0-3,2%-3%,1%-2%,0.0-0.4
34.3325,-0.0025,0-3,0%-1%,0%-1%,0.0-0.4
34.3475,-0.0025,13-,2%-3%,1%-2%,0.0-0.4
34.3525,-0.0025,7-9,0%-1%,0%-1%,0.0-0.4
34.3575,-0.0025,13-,0%-1%,0%-1%,0.0-0.4
34.3625,-0.0025,7-9,0%-1%,0%-1%,0.0-0.4
34.3675,-0.0025,13-,1%-2%,0%-1%,0.0-0.4
34.3725,-0.0025,7-9,0%-1%,0%-1%,0.0-0.4
34.1925,0.0025,0-3,0%-1%,0%-1%,0.0-0.4
34.2025,0.0025,0-3,0%-1%,0%-1%,0.0-0.4
34.2075,0.0025,0-3,0%-1%,0%-1%,0.0-0.4
34.2825,0.0025,0-3,0%-1%,0%-1%,0.0-0.4
34.2875,0.0025,10-12,0%-1%,0%-1%,0.0-0.4
34.2925,0.0025,0-3,0%-1%,0%-1%,0.0-0.4
34.2975,0.0025,0-3,1%-2%,0%-1%,0.0-0.4
34.3225,0.0025,0-3,1%-2%,0%-1%,0.0-0.4
34.3275,0.0025,0-3,1%-2%,0%-1%,0.0-0.4
34.3325,0.0025,0-3,1%-2%,0%-1%,0.0-0.4
34.3375,0.0025,0-3,1%-2%,1%-2%,0.0-0.4
34.3425,0.0025,0-3,0%-1%,0%-1%,0.4-0.8
34.3475,0.0025,7-9,2%-3%,1%-2%,0.0-0.4
34.3525,0.0025,10-12,0%-1%,0%-1%,0.0-0.4
34.3575,0.0025,0-3,0%-1%,0%-1%,0.0-0.4
34.3625,0.0025,4-6,1%-2%,0%-1%,0.0-0.4
34.3825,0.0025,0-3,0%-1%,0%-1%,0.0-0.4
34.1925,0.0075,0-3,1%-2%,0%-1%,0.0-0.4
34.1975,0.0075,0-3,1%-2%,0%-1%,0.0-0.4
34.2025,0.0075,0-3,0%-1%,0%-1%,0.0-0.4
34.2075,0.0075,0-3,0%-1%,0%-1%,0.0-0.4
34.2875,0.0075,4-6,0%-1%,0%-1%,0.0-0.4
34.2925,0.0075,4-6,0%-1%,0%-1%,0.0-0.4
34.2975,0.0075,0-3,0%-1%,0%-1%,0.0-0.4
34.3275,0.0075,0-3,1%-2%,1%-2%,0.0-0.4
34.3325,0.0075,0-3,2%-3%,1%-2%,0.0-0.4
34.3375,0.0075,0-3,1%-2%,0%-1%,0.0-0.4
34.3425,0.0075,0-3,1%-2%,0%-1%,0.0-0.4
34.3475,0.0075,0-3,1%-2%,0%-1%,0.0-0.4
34.3525,0.0075,0-3,1%-2%,0%-1%,0.0-0.4
34.1725,0.0125,7-9,0%-1%,0%-1%,0.0-0.4
34.2025,0.0125,0-3,0%-1%,0%-1%,0.0-0.4
34.2075,0.0125,0-3,0%-1%,0%-1%,0.0-0.4
34.2925,0.0125,0-3,2%-3%,1%-2%,0.0-0.4
34.3175,0.0125,7-9,1%-2%,1%-2%,0.0-0.4
34.3225,0.0125,7-9,2%-3%,1%-2%,0.0-0.4
34.3275,0.0125,0-3,2%-3%,1%-2%,0.0-0.4
34.3325,0.0125,13-,1%-2%,1%-2%,0.0-0.4
34.3375,0.0125,13-,1%-2%,0%-1%,0.0-0.4
34.3425,0.0125,10-12,1%-2%,0%-1%,0.4-0.8
34.3475,0.0125,0-3,2%-3%,1%-2%,0.0-0.4
34.3525,0.0125,0-3,0%-1%,0%-1%,0.0-0.4
34.1675,0.0175,4-6,0%-1%,0%-1%,0.0-0.4
34.1725,0.0175,13-,1%-2%,1%-2%,0.0-0.4
34.1775,0.0175,7-9,1%-2%,0%-1%,0.0-0.4
34.2125,0.0175,0-3,2%-3%,1%-2%,0.0-0.4
34.2175,0.0175,0-3,0%-1%,0%-1%,0.0-0.4
34.2475,0.0175,0-3,0%-1%,0%-1%,0.0-0.4
34.2525,0.0175,0-3,0%-1%,0%-1%,0.0-0.4
34.2575,0.0175,0-3,0%-1%,0%-1%,0.0-0.4
34.2625,0.0175,0-3,0%-1%,0%-1%,0.0-0.4
34.2675,0.0175,0-3,0%-1%,0%-1%,0.0-0.4
34.2725,0.0175,0-3,1%-2%,1%-2%,0.0-0.4
34.2925,0.0175,0-3,3%-4%,1%-2%,0.4-0.8
34.2975,0.0175,10-12,1%-2%,0%-1%,0.0-0.4
34.3175,0.0175,4-6,1%-2%,0%-1%,0.0-0.4
34.3225,0.0175,7-9,3%-4%,1%-2%,0.8-1.2
34.3325,0.0175,4-6,1%-2%,0%-1%,0.4-0.8
34.3375,0.0175,10-12,0%-1%,0%-1%,0.4-0.8
34.3425,0.0175,13-,1%-2%,1%-2%,0.4-0.8
34.3475,0.0175,13-,1%-2%,1%-2%,0.4-0.8
34.3525,0.0175,7-9,2%-3%,1%-2%,0.0-0.4
34.1725,0.0225,13-,3%-4%,2%-3%,0.0-0.4
34.1775,0.0225,4-6,2%-3%,1%-2%,0.0-0.4
34.1975,0.0225,4-6,1%-2%,0%-1%,0.0-0.4
34.2025,0.0225,7-9,1%-2%,0%-1%,0.0-0.4
34.2075,0.0225,4-6,0%-1%,0%-1%,0.0-0.4
34.2125,0.0225,0-3,1%-2%,0%-1%,0.0-0.4
34.2175,0.0225,0-3,0%-1%,0%-1%,0.0-0.4
34.2225,0.0225,0-3,0%-1%,0%-1%,0.0-0.4
34.2275,0.0225,0-3,1%-2%,0%-1%,0.0-0.4
34.2525,0.0225,0-3,0%-1%,0%-1%,0.0-0.4
34.2575,0.0225,0-3,0%-1%,0%-1%,0.0-0.4
34.2625,0.0225,0-3,0%-1%,0%-1%,0.0-0.4
34.2675,0.0225,0-3,1%-2%,0%-1%,0.0-0.4
34.2725,0.0225,0-3,1%-2%,0%-1%,0.0-0.4
34.2775,0.0225,0-3,1%-2%,1%-2%,0.0-0.4
34.2925,0.0225,0-3,1%-2%,0%-1%,0.0-0.4
34.2975,0.0225,13-,1%-2%,0%-1%,0.0-0.4
34.3025,0.0225,0-3,0%-1%,0%-1%,0.0-0.4
34.3225,0.0225,0-3,2%-3%,1%-2%,0.8-1.2
34.3275,0.0225,0-3,0%-1%,0%-1%,0.8-1.2
34.3425,0.0225,7-9,0%-1%,0%-1%,0.4-0.8
34.3475,0.0225,0-3,3%-4%,2%-3%,0.0-0.4
34.3525,0.0225,0-3,2%-3%,1%-2%,0.0-0.4
34.3575,0.0225,4-6,2%-3%,1%-2%,0.0-0.4
34.3675,0.0225,0-3,1%-2%,1%-2%,0.0-0.4
34.3725,0.0225,0-3,0%-1%,0%-1%,0.0-0.4
34.1725,0.0275,10-12,2%-3%,1%-2%,0.0-0.4
34.1775,0.0275,13-,1%-2%,0%-1%,0.0-0.4
34.1825,0.0275,0-3,0%-1%,0%-1%,0.0-0.4
34.1925,0.0275,0-3,3%-4%,1%-2%,0.0-0.4
34.1975,0.0275,13-,1%-2%,0%-1%,0.0-0.4
34.2025,0.0275,13-,1%-2%,0%-1%,0.0-0.4
34.2075,0.0275,7-9,0%-1%,0%-1%,0.0-0.4
34.2125,0.0275,4-6,0%-1%,0%-1%,0.0-0.4
34.2175,0.0275,4-6,0%-1%,0%-1%,0.0-0.4
34.2225,0.0275,0-3,0%-1%,0%-1%,0.0-0.4
34.2275,0.0275,0-3,0%-1%,0%-1%,0.0-0.4
34.2325,0.0275,0-3,1%-2%,0%-1%,0.0-0.4
34.2575,0.0275,0-3,0%-1%,0%-1%,0.0-0.4
34.2625,0.0275,0-3,0%-1%,0%-1%,0.0-0.4
34.2675,0.0275,0-3,1%-2%,0%-1%,0.0-0.4
34.2725,0.0275,0-3,1%-2%,0%-1%,0.0-0.4
34.2975,0.0275,0-3,1%-2%,0%-1%,0.0-0.4
34.3225,0.0275,0-3,1%-2%,1%-2%,0.0-0.4
34.3275,0.0275,0-3,1%-2%,0%-1%,0.0-0.4
34.3325,0.0275,0-3,1%-2%,0%-1%,0.0-0.4
34.3375,0.0275,0-3,1%-2%,0%-1%,0.0-0.4
34.3425,0.0275,0-3,0%-1%,0%-1%,0.0-0.4
34.3525,0.0275,0-3,1%-2%,0%-1%,0.4-0.8
34.3575,0.0275,13-,1%-2%,1%-2%,0.0-0.4
34.3625,0.0275,13-,1%-2%,1%-2%,0.0-0.4
34.3675,0.0275,7-9,1%-2%,0%-1%,0.0-0.4
34.3725,0.0275,0-3,1%-2%,0%-1%,0.0-0.4
34.3775,0.0275,0-3,1%-2%,0%-1%,0.0-0.4
34.1525,0.0325,0-3,2%-3%,1%-2%,0.0-0.4
34.1575,0.0325,0-3,1%-2%,0%-1%,0.0-0.4
34.1625,0.0325,0-3,2%-3%,1%-2%,0.0-0.4
34.1975,0.0325,4-6,0%-1%,0%-1%,0.0-0.4
34.2025,0.0325,0-3,0%-1%,0%-1%,0.0-0.4
34.2075,0.0325,0-3,0%-1%,0%-1%,0.0-0.4
34.2125,0.0325,0-3,0%-1%,0%-1%,0.0-0.4
34.2175,0.0325,7-9,0%-1%,0%-1%,0.0-0.4
34.2225,0.0325,0-3,0%-1%,0%-1%,0.0-0.4
34.2275,0.0325,0-3,0%-1%,0%-1%,0.0-0.4
34.2325,0.0325,0-3,1%-2%,0%-1%,0.0-0.4
34.3125,0.0325,0-3,3%-4%,1%-2%,0.0-0.4
34.3175,0.0325,0-3,1%-2%,1%-2%,0.0-0.4
34.3225,0.0325,0-3,1%-2%,0%-1%,0.0-0.4
34.3275,0.0325,0-3,0%-1%,0%-1%,0.0-0.4
34.3325,0.0325,0-3,1%-2%,0%-1%,0.0-0.4
34.3375,0.0325,4-6,1%-2%,1%-2%,0.4-0.8
34.3425,0.0325,0-3,1%-2%,0%-1%,0.4-0.8
34.3475,0.0325,0-3,1%-2%,0%-1%,0.0-0.4
34.3525,0.0325,0-3,1%-2%,0%-1%,0.4-0.8
34.3575,0.0325,4-6,1%-2%,1%-2%,0.0-0.4
34.3625,0.0325,13-,2%-3%,1%-2%,0.0-0.4
34.3675,0.0325,13-,1%-2%,1%-2%,0.0-0.4
34.3725,0.0325,13-,1%-2%,0%-1%,0.0-0.4
34.1525,0.0375,0-3,1%-2%,0%-1%,0.0-0.4
34.1575,0.0375,0-3,1%-2%,0%-1%,0.0-0.4
34.1625,0.0375,0-3,0%-1%,0%-1%,0.0-0.4
34.1925,0.0375,0-3,0%-1%,0%-1%,0.0-0.4
34.1975,0.0375,0-3,0%-1%,0%-1%,0.0-0.4
34.2025,0.0375,0-3,0%-1%,0%-1%,0.0-0.4
34.2075,0.0375,0-3,1%-2%,0%-1%,0.0-0.4
34.2125,0.0375,0-3,1%-2%,0%-1%,0.0-0.4
34.2175,0.0375,0-3,2%-3%,1%-2%,0.0-0.4
34.2225,0.0375,0-3,2%-3%,1%-2%,0.0-0.4
34.2275,0.0375,0-3,0%-1%,0%-1%,0.0-0.4
34.2325,0.0375,0-3,0%-1%,0%-1%,0.0-0.4
34.3125,0.0375,0-3,2%-3%,1%-2%,0.8-1.2
34.3175,0.0375,0-3,1%-2%,0%-1%,0.4-0.8
34.3225,0.0375,0-3,3%-4%,2%-3%,0.4-0.8
34.3275,0.0375,0-3,2%-3%,1%-2%,0.4-0.8
34.3325,0.0375,0-3,3%-4%,1%-2%,0.4-0.8
34.3375,0.0375,13-,2%-3%,1%-2%,0.4-0.8
34.3425,0.0375,7-9,2%-3%,1%-2%,0.4-0.8
34.3475,0.0375,0-3,2%-3%,1%-2%,0.4-0.8
34.3525,0.0375,0-3,1%-2%,1%-2%,0.4-0.8
34.3575,0.0375,0-3,1%-2%,1%-2%,0.0-0.4
34.3625,0.0375,4-6,1%-2%,0%-1%,0.4-0.8
34.3675,0.0375,10-12,2%-3%,1%-2%,0.4-0.8
34.3725,0.0375,7-9,3%-4%,2%-3%,0.0-0.4
34.3775,0.0375,0-3,3%-4%,2%-3%,0.0-0.4
34.1925,0.0425,0-3,1%-2%,1%-2%,0.0-0.4
34.1975,0.0425,0-3,0%-1%,0%-1%,0.0-0.4
34.2075,0.0425,0-3,0%-1%,0%-1%,0.0-0.4
34.2125,0.0425,0-3,0%-1%,0%-1%,0.0-0.4
34.2175,0.0425,0-3,1%-2%,1%-2%,0.4-0.8
34.2225,0.0425,0-3,1%-2%,0%-1%,0.0-0.4
34.3125,0.0425,0-3,2%-3%,1%-2%,0.8-1.2
34.3175,0.0425,0-3,1%-2%,1%-2%,0.8-1.2
34.3225,0.0425,7-9,2%-3%,1%-2%,0.8-1.2
34.3275,0.0425,13-,3%-4%,2%-3%,0.8-1.2
34.3325,0.0425,4-6,3%-4%,2%-3%,0.8-1.2
34.3375,0.0425,0-3,2%-3%,1%-2%,0.4-0.8
34.3425,0.0425,10-12,2%-3%,1%-2%,0.4-0.8
34.3475,0.0425,10-12,2%-3%,1%-2%,0.4-0.8
34.3525,0.0425,0-3,2%-3%,1%-2%,0.4-0.8
34.3575,0.0425,0-3,2%-3%,1%-2%,0.4-0.8
34.3625,0.0425,10-12,2%-3%,1%-2%,0.4-0.8
34.3675,0.0425,4-6,2%-3%,1%-2%,0.4-0.8
34.3725,0.0425,4-6,3%-4%,2%-3%,0.4-0.8
34.3775,0.0425,0-3,3%-4%,2%-3%,0.4-0.8
34.1925,0.0475,0-3,1%-2%,0%-1%,0.0-0.4
34.1975,0.0475,0-3,0%-1%,0%-1%,0.0-0.4
34.2125,0.0475,0-3,0%-1%,0%-1%,0.0-0.4
34.3225,0.0475,0-3,1%-2%,0%-1%,0.8-1.2
34.3425,0.0475,0-3,0%-1%,0%-1%,0.4-0.8
34.3475,0.0475,0-3,0%-1%,0%-1%,0.4-0.8
34.3525,0.0475,7-9,1%-2%,0%-1%,0.4-0.8
34.3575,0.0475,7-9,1%-2%,0%-1%,0.4-0.8
34.3625,0.0475,4-6,2%-3%,1%-2%,0.4-0.8
34.3675,0.0475,0-3,3%-4%,2%-3%,0.8-1.2
34.3725,0.0475,13-,3%-4%,2%-3%,0.8-1.2
34.3775,0.0475,0-3,1%-2%,0%-1%,0.4-0.8
34.1825,0.0525,0-3,1%-2%,0%-1%,0.0-0.4
34.1875,0.0525,0-3,1%-2%,0%-1%,0.0-0.4
34.3325,0.0525,0-3,0%-1%,0%-1%,0.4-0.8
34.3425,0.0525,0-3,1%-2%,0%-1%,0.4-0.8
34.3475,0.0525,4-6,1%-2%,0%-1%,0.4-0.8
34.3525,0.0525,10-12,2%-3%,1%-2%,0.4-0.8
34.3575,0.0525,13-,2%-3%,1%-2%,0.4-0.8
34.3625,0.0525,10-12,1%-2%,1%-2%,0.4-0.8
34.3675,0.0525,10-12,3%-4%,1%-2%,0.4-0.8
34.3725,0.0525,10-12,3%-4%,1%-2%,0.4-0.8
34.1825,0.0575,0-3,0%-1%,0%-1%,0.0-0.4
34.1875,0.0575,0-3,0%-1%,0%-1%,0.0-0.4
34.1925,0.0575,0-3,0%-1%,0%-1%,0.0-0.4
34.3325,0.0575,0-3,1%-2%,1%-2%,0.4-0.8
34.3375,0.0575,0-3,1%-2%,1%-2%,0.4-0.8
34.3425,0.0575,0-3,1%-2%,1%-2%,0.0-0.4
34.3475,0.0575,0-3,1%-2%,1%-2%,0.4-0.8
34.3525,0.0575,7-9,1%-2%,0%-1%,0.4-0.8
34.3575,0.0575,7-9,1%-2%,0%-1%,0.4-0.8
34.3625,0.0575,7-9,2%-3%,1%-2%,0.4-0.8
34.3675,0.0575,7-9,2%-3%,1%-2%,0.4-0.8
34.3725,0.0575,7-9,1%-2%,1%-2%,0.4-0.8
34.1425,0.0625,0-3,0%-1%,0%-1%,0.0-0.4
34.1475,0.0625,0-3,1%-2%,0%-1%,0.0-0.4
34.1825,0.0625,0-3,0%-1%,0%-1%,0.0-0.4
34.1875,0.0625,0-3,1%-2%,0%-1%,0.0-0.4
34.1925,0.0625,0-3,1%-2%,0%-1%,0.0-0.4
34.1975,0.0625,0-3,0%-1%,0%-1%,0.0-0.4
34.3325,0.0625,0-3,1%-2%,0%-1%,0.4-0.8
34.3425,0.0625,0-3,0%-1%,0%-1%,0.0-0.4
34.3525,0.0625,0-3,1%-2%,0%-1%,0.0-0.4
34.3575,0.0625,0-3,0%-1%,0%-1%,0.0-0.4
34.3725,0.0625,0-3,0%-1%,0%-1%,0.0-0.4
34.1425,0.0675,0-3,2%-3%,1%-2%,0.0-0.4
34.1475,0.0675,0-3,0%-1%,0%-1%,0.0-0.4
34.1825,0.0675,13-,0%-1%,0%-1%,0.0-0.4
34.1925,0.0675,0-3,0%-1%,0%-1%,0.0-0.4
34.1975,0.0675,0-3,0%-1%,0%-1%,0.0-0.4
34.2025,0.0675,0-3,0%-1%,0%-1%,0.0-0.4
34.2925,0.0675,0-3,3%-4%,2%-3%,0.8-1.2
34.2975,0.0675,0-3,3%-4%,1%-2%,0.8-1.2
34.3575,0.0675,0-3,2%-3%,1%-2%,0.0-0.4
34.0825,0.0725,0-3,0%-1%,0%-1%,0.0-0.4
34.0875,0.0725,0-3,0%-1%,0%-1%,0.0-0.4
34.0925,0.0725,0-3,0%-1%,0%-1%,0.0-0.4
34.1375,0.0725,0-3,3%-4%,2%-3%,0.0-0.4
34.1425,0.0725,0-3,1%-2%,1%-2%,0.0-0.4
34.1525,0.0725,0-3,0%-1%,0%-1%,0.0-0.4
34.1725,0.0725,0-3,0%-1%,0%-1%,0.0-0.4
34.1775,0.0725,0-3,0%-1%,0%-1%,0.0-0.4
34.1825,0.0725,13-,1%-2%,0%-1%,0.0-0.4
34.1875,0.0725,13-,1%-2%,1%-2%,0.0-0.4
34.1975,0.0725,0-3,2%-3%,1%-2%,0.0-0.4
34.2025,0.0725,13-,2%-3%,1%-2%,0.0-0.4
34.2775,0.0725,0-3,2%-3%,1%-2%,0.8-1.2
34.2825,0.0725,0-3,3%-4%,1%-2%,0.8-1.2
34.2925,0.0725,7-9,3%-4%,1%-2%,0.8-1.2
34.2975,0.0725,4-6,0%-1%,0%-1%,0.8-1.2
34.3175,0.0725,0-3,2%-3%,1%-2%,0.4-0.8
34.3225,0.0725,0-3,1%-2%,0%-1%,0.0-0.4
34.3275,0.0725,4-6,1%-2%,0%-1%,0.0-0.4
34.3525,0.0725,0-3,3%-4%,1%-2%,0.4-0.8
34.3575,0.0725,13-,1%-2%,1%-2%,0.0-0.4
34.3625,0.0725,0-3,1%-2%,1%-2%,0.0-0.4
34.0725,0.0775,0-3,0%-1%,0%-1%,0.0-0.4
34.0775,0.0775,13-,0%-1%,0%-1%,0.0-0.4
34.0825,0.0775,13-,2%-3%,1%-2%,0.0-0.4
34.0875,0.0775,13-,2%-3%,2%-3%,0.0-0.4
34.0925,0.0775,4-6,1%-2%,1%-2%,0.0-0.4
34.1175,0.0775,0-3,1%-2%,1%-2%,0.0-0.4
34.1325,0.0775,0-3,0%-1%,0%-1%,0.0-0.4
34.1475,0.0775,0-3,2%-3%,1%-2%,0.0-0.4
34.1525,0.0775,0-3,3%-4%,2%-3%,0.0-0.4
34.1575,0.0775,0-3,0%-1%,0%-1%,0.0-0.4
34.1675,0.0775,0-3,1%-2%,1%-2%,0.0-0.4
34.1725,0.0775,4-6,2%-3%,1%-2%,0.0-0.4
34.1775,0.0775,0-3,1%-2%,1%-2%,0.0-0.4
34.1825,0.0775,0-3,1%-2%,1%-2%,0.0-0.4
34.1875,0.0775,7-9,2%-3%,1%-2%,0.0-0.4
34.1975,0.0775,4-6,2%-3%,1%-2%,0.0-0.4
34.2025,0.0775,13-,1%-2%,0%-1%,0.0-0.4
34.2075,0.0775,13-,1%-2%,1%-2%,0.0-0.4
34.2425,0.0775,0-3,2%-3%,1%-2%,0.0-0.4
34.2475,0.0775,0-3,0%-1%,0%-1%,0.0-0.4
34.2525,0.0775,10-12,2%-3%,1%-2%,0.0-0.4
34.2575,0.0775,0-3,1%-2%,0%-1%,0.4-0.8
34.2625,0.0775,0-3,2%-3%,1%-2%,0.4-0.8
34.2675,0.0775,7-9,1%-2%,0%-1%,0.0-0.4
34.2725,0.0775,7-9,0%-1%,0%-1%,0.4-0.8
34.2775,0.0775,4-6,3%-4%,1%-2%,0.4-0.8
34.2825,0.0775,0-3,3%-4%,1%-2%,0.8-1.2
34.2925,0.0775,0-3,3%-4%,2%-3%,0.4-0.8
34.3125,0.0775,0-3,1%-2%,0%-1%,0.4-0.8
34.3175,0.0775,0-3,0%-1%,0%-1%,0.4-0.8
34.3225,0.0775,13-,1%-2%,0%-1%,0.0-0.4
34.3275,0.0775,13-,0%-1%,0%-1%,0.0-0.4
34.3325,0.0775,4-6,1%-2%,0%-1%,0.0-0.4
34.3375,0.0775,4-6,1%-2%,1%-2%,0.0-0.4
34.3575,0.0775,10-12,1%-2%,0%-1%,0.0-0.4
34.3625,0.0775,0-3,0%-1%,0%-1%,0.0-0.4
34.3675,0.0775,0-3,0%-1%,0%-1%,0.0-0.4
34.3725,0.0775,0-3,1%-2%,0%-1%,0.0-0.4
34.0725,0.0825,7-9,0%-1%,0%-1%,0.0-0.4
34.0775,0.0825,10-12,1%-2%,1%-2%,0.0-0.4
34.0825,0.0825,10-12,0%-1%,0%-1%,0.0-0.4
34.0875,0.0825,13-,3%-4%,2%-3%,0.0-0.4
34.0925,0.0825,13-,3%-4%,2%-3%,0.0-0.4
34.1025,0.0825,13-,1%-2%,0%-1%,0.0-0.4
34.1075,0.0825,13-,1%-2%,0%-1%,0.0-0.4
34.1125,0.0825,13-,1%-2%,0%-1%,0.0-0.4
34.1175,0.0825,4-6,3%-4%,2%-3%,0.0-0.4
34.1275,0.0825,0-3,0%-1%,0%-1%,0.0-0.4
34.1325,0.0825,0-3,1%-2%,1%-2%,0.0-0.4
34.1525,0.0825,0-3,3%-4%,1%-2%,0.0-0.4
34.1575,0.0825,0-3,2%-3%,1%-2%,0.0-0.4
34.1625,0.0825,7-9,1%-2%,0%-1%,0.0-0.4
34.1675,0.0825,0-3,1%-2%,0%-1%,0.0-0.4
34.1725,0.0825,10-12,1%-2%,0%-1%,0.0-0.4
34.1775,0.0825,7-9,1%-2%,0%-1%,0.0-0.4
34.1825,0.0825,0-3,1%-2%,0%-1%,0.0-0.4
34.1875,0.0825,4-6,1%-2%,0%-1%,0.0-0.4
34.2025,0.0825,0-3,1%-2%,0%-1%,0.0-0.4
34.2075,0.0825,13-,1%-2%,0%-1%,0.0-0.4
34.2175,0.0825,0-3,0%-1%,0%-1%,0.0-0.4
34.2225,0.0825,0-3,0%-1%,0%-1%,0.0-0.4
34.2325,0.0825,0-3,2%-3%,1%-2%,0.0-0.4
34.2375,0.0825,0-3,2%-3%,1%-2%,0.0-0.4
34.2425,0.0825,0-3,2%-3%,1%-2%,0.0-0.4
34.2475,0.0825,0-3,1%-2%,0%-1%,0.0-0.4
34.2525,0.0825,4-6,2%-3%,1%-2%,0.0-0.4
34.2575,0.0825,0-3,1%-2%,0%-1%,0.4-0.8
34.2625,0.0825,4-6,1%-2%,0%-1%,0.0-0.4
34.2675,0.0825,13-,1%-2%,0%-1%,0.0-0.4
34.2725,0.0825,0-3,1%-2%,0%-1%,0.4-0.8
34.2775,0.0825,13-,3%-4%,1%-2%,0.8-1.2
34.3175,0.0825,0-3,1%-2%,0%-1%,0.0-0.4
34.3225,0.0825,4-6,0%-1%,0%-1%,0.0-0.4
34.3325,0.0825,7-9,1%-2%,1%-2%,0.0-0.4
34.3375,0.0825,0-3,0%-1%,0%-1%,0.0-0.4
34.3675,0.0825,0-3,0%-1%,0%-1%,0.0-0.4
34.3725,0.0825,0-3,0%-1%,0%-1%,0.0-0.4
34.0675,0.0875,13-,2%-3%,2%-3%,0.0-0.4
34.0725,0.0875,13-,2%-3%,2%-3%,0.0-0.4
34.0775,0.0875,13-,1%-2%,0%-1%,0.0-0.4
34.0875,0.0875,13-,1%-2%,1%-2%,0.0-0.4
34.0925,0.0875,10-12,3%-4%,2%-3%,0.0-0.4
34.1025,0.0875,13-,2%-3%,1%-2%,0.0-0.4
34.1075,0.0875,13-,0%-1%,0%-1%,0.0-0.4
34.1125,0.0875,7-9,0%-1%,0%-1%,0.0-0.4
34.1175,0.0875,0-3,0%-1%,0%-1%,0.0-0.4
34.1225,0.0875,0-3,1%-2%,0%-1%,0.0-0.4
34.1275,0.0875,0-3,1%-2%,1%-2%,0.0-0.4
34.1325,0.0875,0-3,2%-3%,1%-2%,0.0-0.4
34.1425,0.0875,0-3,0%-1%,0%-1%,0.0-0.4
34.1475,0.0875,0-3,0%-1%,0%-1%,0.0-0.4
34.1525,0.0875,0-3,0%-1%,0%-1%,0.0-0.4
34.1575,0.0875,0-3,2%-3%,1%-2%,0.0-0.4
34.1625,0.0875,0-3,2%-3%,1%-2%,0.0-0.4
34.1725,0.0875,4-6,2%-3%,1%-2%,0.0-0.4
34.1775,0.0875,0-3,2%-3%,1%-2%,0.0-0.4
34.1825,0.0875,7-9,1%-2%,0%-1%,0.0-0.4
34.1875,0.0875,0-3,1%-2%,0%-1%,0.0-0.4
34.2175,0.0875,4-6,0%-1%,0%-1%,0.0-0.4
34.2225,0.0875,4-6,1%-2%,0%-1%,0.0-0.4
34.2375,0.0875,0-3,2%-3%,0%-1%,0.0-0.4
34.2425,0.0875,0-3,1%-2%,0%-1%,0.0-0.4
34.2475,0.0875,0-3,0%-1%,0%-1%,0.0-0.4
34.2525,0.0875,0-3,1%-2%,0%-1%,0.0-0.4
34.2575,0.0875,4-6,1%-2%,0%-1%,0.0-0.4
34.2625,0.0875,0-3,1%-2%,0%-1%,0.0-0.4
34.2675,0.0875,0-3,1%-2%,0%-1%,0.0-0.4
34.2725,0.0875,7-9,1%-2%,0%-1%,0.4-0.8
34.2775,0.0875,10-12,1%-2%,0%-1%,0.4-0.8
34.3075,0.0875,0-3,1%-2%,0%-1%,0.0-0.4
34.3125,0.0875,0-3,1%-2%,0%-1%,0.0-0.4
34.3175,0.0875,0-3,1%-2%,0%-1%,0.0-0.4
34.3225,0.0875,0-3,0%-1%,0%-1%,0.0-0.4
34.3275,0.0875,0-3,1%-2%,0%-1%,0.0-0.4
34.3325,0.0875,0-3,1%-2%,0%-1%,0.0-0.4
34.3675,0.0875,0-3,0%-1%,0%-1%,0.0-0.4
34.0875,0.0925,13-,0%-1%,0%-1%,0.0-0.4
34.0925,0.0925,4-6,0%-1%,0%-1%,0.0-0.4
34.0975,0.0925,13-,2%-3%,2%-3%,0.0-0.4
34.1025,0.0925,0-3,1%-2%,1%-2%,0.0-0.4
34.1075,0.0925,10-12,1%-2%,0%-1%,0.0-0.4
34.1125,0.0925,0-3,1%-2%,0%-1%,0.0-0.4
34.1175,0.0925,0-3,2%-3%,1%-2%,0.0-0.4
34.1225,0.0925,0-3,1%-2%,1%-2%,0.0-0.4
34.1275,0.0925,0-3,2%-3%,1%-2%,0.0-0.4
34.1325,0.0925,0-3,2%-3%,1%-2%,0.0-0.4
34.1375,0.0925,0-3,3%-4%,1%-2%,0.0-0.4
34.1425,0.0925,0-3,1%-2%,1%-2%,0.0-0.4
34.1675,0.0925,0-3,2%-3%,1%-2%,0.4-0.8
34.2125,0.0925,0-3,1%-2%,1%-2%,0.0-0.4
34.2175,0.0925,7-9,1%-2%,0%-1%,0.0-0.4
34.2225,0.0925,4-6,1%-2%,0%-1%,0.0-0.4
34.2275,0.0925,0-3,2%-3%,1%-2%,0.0-0.4
34.2325,0.0925,7-9,2%-3%,1%-2%,0.0-0.4
34.2375,0.0925,10-12,1%-2%,0%-1%,0.0-0.4
34.2525,0.0925,0-3,0%-1%,0%-1%,0.0-0.4
34.2575,0.0925,13-,1%-2%,0%-1%,0.0-0.4
34.2625,0.0925,7-9,1%-2%,0%-1%,0.0-0.4
34.2675,0.0925,13-,2%-3%,1%-2%,0.0-0.4
34.2725,0.0925,7-9,1%-2%,0%-1%,0.0-0.4
34.2775,0.0925,10-12,1%-2%,0%-1%,0.0-0.4
34.3025,0.0925,4-6,1%-2%,1%-2%,0.0-0.4
34.3075,0.0925,13-,1%-2%,0%-1%,0.0-0.4
34.3125,0.0925,7-9,1%-2%,0%-1%,0.0-0.4
34.3175,0.0925,0-3,1%-2%,0%-1%,0.0-0.4
34.3225,0.0925,0-3,1%-2%,1%-2%,0.0-0.4
34.3275,0.0925,0-3,1%-2%,0%-1%,0.0-0.4
34.0875,0.0975,4-6,0%-1%,0%-1%,0.0-0.4
34.0925,0.0975,4-6,1%-2%,0%-1%,0.0-0.4
34.0975,0.0975,10-12,2%-3%,1%-2%,0.0-0.4
34.1025,0.0975,0-3,3%-4%,2%-3%,0.0-0.4
34.1075,0.0975,0-3,1%-2%,1%-2%,0.0-0.4
34.1125,0.0975,0-3,1%-2%,1%-2%,0.0-0.4
34.1175,0.0975,0-3,1%-2%,0%-1%,0.0-0.4
34.1325,0.0975,0-3,1%-2%,1%-2%,0.0-0.4
34.1375,0.0975,7-9,3%-4%,2%-3%,0.0-0.4
34.1625,0.0975,0-3,1%-2%,0%-1%,0.0-0.4
34.1675,0.0975,0-3,1%-2%,0%-1%,0.0-0.4
34.2025,0.0975,0-3,0%-1%,0%-1%,0.0-0.4
34.2075,0.0975,0-3,0%-1%,0%-1%,0.0-0.4
34.2125,0.0975,0-3,1%-2%,0%-1%,0.0-0.4
34.2175,0.0975,7-9,1%-2%,1%-2%,0.0-0.4
34.2225,0.0975,7-9,1%-2%,0%-1%,0.0-0.4
34.2275,0.0975,7-9,2%-3%,1%-2%,0.0-0.4
34.2375,0.0975,0-3,0%-1%,0%-1%,0.0-0.4
34.2475,0.0975,0-3,0%-1%,0%-1%,0.0-0.4
34.2525,0.0975,0-3,1%-2%,0%-1%,0.0-0.4
34.2575,0.0975,0-3,1%-2%,0%-1%,0.0-0.4
34.2625,0.0975,10-12,1%-2%,1%-2%,0.0-0.4
34.2675,0.0975,4-6,1%-2%,0%-1%,0.0-0.4
34.2725,0.0975,4-6,2%-3%,1%-2%,0.0-0.4
34.2775,0.0975,13-,1%-2%,1%-2%,0.0-0.4
34.2875,0.0975,0-3,1%-2%,0%-1%,0.0-0.4
34.2925,0.0975,0-3,1%-2%,0%-1%,0.0-0.4
34.3025,0.0975,10-12,1%-2%,0%-1%,0.0-0.4
34.3075,0.0975,13-,1%-2%,1%-2%,0.0-0.4
34.3125,0.0975,13-,1%-2%,0%-1%,0.0-0.4
34.3175,0.0975,0-3,1%-2%,0%-1%,0.0-0.4
34.3225,0.0975,0-3,1%-2%,0%-1%,0.0-0.4
34.3275,0.0975,0-3,1%-2%,1%-2%,0.0-0.4
34.3325,0.0975,0-3,0%-1%,0%-1%,0.0-0.4
34.3425,0.0975,0-3,1%-2%,0%-1%,0.0-0.4
34.3475,0.0975,0-3,0%-1%,0%-1%,0.0-0.4
34.3525,0.0975,0-3,1%-2%,0%-1%,0.0-0.4
34.3575,0.0975,0-3,1%-2%,0%-1%,0.0-0.4
34.0775,0.1025,0-3,0%-1%,0%-1%,0.0-0.4
34.0875,0.1025,13-,1%-2%,0%-1%,0.0-0.4
34.0925,0.1025,10-12,1%-2%,1%-2%,0.0-0.4
34.0975,0.1025,7-9,1%-2%,0%-1%,0.0-0.4
34.1025,0.1025,10-12,3%-4%,2%-3%,0.0-0.4
34.1075,0.1025,13-,2%-3%,1%-2%,0.0-0.4
34.1125,0.1025,0-3,2%-3%,1%-2%,0.0-0.4
34.1175,0.1025,0-3,0%-1%,0%-1%,0.0-0.4
34.1225,0.1025,0-3,2%-3%,1%-2%,0.0-0.4
34.1275,0.1025,13-,2%-3%,1%-2%,0.0-0.4
34.1325,0.1025,4-6,1%-2%,0%-1%,0.0-0.4
34.1375,0.1025,13-,1%-2%,0%-1%,0.0-0.4
34.1425,0.1025,0-3,2%-3%,1%-2%,0.0-0.4
34.1525,0.1025,0-3,1%-2%,0%-1%,0.0-0.4
34.1625,0.1025,7-9,1%-2%,0%-1%,0.8-1.2
34.1675,0.1025,10-12,2%-3%,1%-2%,0.4-0.8
34.1725,0.1025,4-6,0%-1%,0%-1%,0.0-0.4
34.1775,0.1025,13-,2%-3%,1%-2%,0.0-0.4
34.1825,0.1025,7-9,1%-2%,1%-2%,0.0-0.4
34.1875,0.1025,0-3,1%-2%,1%-2%,0.0-0.4
34.2025,0.1025,0-3,1%-2%,0%-1%,0.0-0.4
34.2075,0.1025,0-3,1%-2%,1%-2%,0.0-0.4
34.2175,0.1025,0-3,0%-1%,0%-1%,0.0-0.4
34.2225,0.1025,0-3,0%-1%,0%-1%,0.0-0.4
34.2275,0.1025,0-3,0%-1%,0%-1%,0.0-0.4
34.2525,0.1025,0-3,0%-1%,0%-1%,0.0-0.4
34.2575,0.1025,4-6,1%-2%,0%-1%,0.0-0.4
34.2625,0.1025,4-6,1%-2%,0%-1%,0.0-0.4
34.2675,0.1025,13-,1%-2%,0%-1%,0.0-0.4
34.2725,0.1025,0-3,1%-2%,0%-1%,0.0-0.4
34.2775,0.1025,13-,1%-2%,1%-2%,0.0-0.4
34.2825,0.1025,4-6,2%-3%,1%-2%,0.0-0.4
34.2875,0.1025,0-3,2%-3%,1%-2%,0.0-0.4
34.2925,0.1025,0-3,1%-2%,1%-2%,0.0-0.4
34.2975,0.1025,0-3,0%-1%,0%-1%,0.0-0.4
34.3025,0.1025,10-12,0%-1%,0%-1%,0.0-0.4
34.3075,0.1025,4-6,2%-3%,1%-2%,0.0-0.4
34.3125,0.1025,0-3,2%-3%,0%-1%,0.0-0.4
34.3175,0.1025,0-3,2%-3%,1%-2%,0.0-0.4
34.3225,0.1025,0-3,1%-2%,0%-1%,0.0-0.4
34.3275,0.1025,0-3,0%-1%,0%-1%,0.0-0.4
34.3325,0.1025,0-3,0%-1%,0%-1%,0.0-0.4
34.3425,0.1025,0-3,2%-3%,0%-1%,0.0-0.4
34.3475,0.1025,0-3,1%-2%,0%-1%,0.0-0.4
34.3525,0.1025,0-3,0%-1%,0%-1%,0.0-0.4
34.3575,0.1025,0-3,0%-1%,0%-1%,0.0-0.4
34.3625,0.1025,0-3,0%-1%,0%-1%,0.0-0.4
34.0725,0.1075,0-3,1%-2%,0%-1%,0.0-0.4
34.0775,0.1075,7-9,1%-2%,1%-2%,0.0-0.4
34.0825,0.1075,0-3,0%-1%,0%-1%,0.0-0.4
34.0875,0.1075,13-,1%-2%,1%-2%,0.0-0.4
34.0925,0.1075,13-,2%-3%,1%-2%,0.0-0.4
34.0975,0.1075,4-6,3%-4%,1%-2%,0.0-0.4
34.1025,0.1075,13-,3%-4%,2%-3%,0.0-0.4
34.1075,0.1075,13-,3%-4%,2%-3%,0.0-0.4
34.1125,0.1075,0-3,1%-2%,1%-2%,0.0-0.4
34.1175,0.1075,7-9,1%-2%,0%-1%,0.0-0.4
34.1225,0.1075,0-3,1%-2%,1%-2%,0.0-0.4
34.1275,0.1075,7-9,1%-2%,1%-2%,0.0-0.4
34.1325,0.1075,4-6,1%-2%,1%-2%,0.0-0.4
34.1375,0.1075,4-6,1%-2%,1%-2%,0.0-0.4
34.1425,0.1075,7-9,2%-3%,1%-2%,0.0-0.4
34.1475,0.1075,0-3,1%-2%,0%-1%,0.0-0.4
34.1525,0.1075,0-3,1%-2%,0%-1%,0.0-0.4
34.1575,0.1075,0-3,1%-2%,0%-1%,0.4-0.8
34.1625,0.1075,0-3,1%-2%,0%-1%,0.4-0.8
34.1675,0.1075,7-9,2%-3%,1%-2%,0.4-0.8
34.1725,0.1075,4-6,1%-2%,0%-1%,0.0-0.4
34.1775,0.1075,0-3,1%-2%,0%-1%,0.0-0.4
34.1825,0.1075,0-3,2%-3%,1%-2%,0.0-0.4
34.1875,0.1075,4-6,3%-4%,2%-3%,0.0-0.4
34.1925,0.1075,7-9,2%-3%,1%-2%,0.0-0.4
34.1975,0.1075,0-3,2%-3%,0%-1%,0.0-0.4
34.2025,0.1075,0-3,1%-2%,0%-1%,0.0-0.4
34.2075,0.1075,7-9,1%-2%,0%-1%,0.0-0.4
34.2175,0.1075,0-3,1%-2%,0%-1%,0.0-0.4
34.2225,0.1075,0-3,1%-2%,0%-1%,0.0-0.4
34.2275,0.1075,4-6,1%-2%,0%-1%,0.0-0.4
34.2525,0.1075,0-3,1%-2%,1%-2%,0.0-0.4
34.2575,0.1075,10-12,1%-2%,0%-1%,0.0-0.4
34.2625,0.1075,0-3,0%-1%,0%-1%,0.0-0.4
34.2675,0.1075,0-3,0%-1%,0%-1%,0.0-0.4
34.2725,0.1075,0-3,1%-2%,0%-1%,0.0-0.4
34.2825,0.1075,0-3,3%-4%,2%-3%,0.4-0.8
34.2925,0.1075,0-3,0%-1%,0%-1%,0.0-0.4
34.2975,0.1075,0-3,0%-1%,0%-1%,0.0-0.4
34.3025,0.1075,10-12,1%-2%,0%-1%,0.0-0.4
34.3075,0.1075,10-12,1%-2%,1%-2%,0.0-0.4
34.3125,0.1075,0-3,1%-2%,0%-1%,0.0-0.4
34.3175,0.1075,4-6,1%-2%,0%-1%,0.0-0.4
34.3225,0.1075,0-3,1%-2%,0%-1%,0.0-0.4
34.3325,0.1075,0-3,0%-1%,0%-1%,0.0-0.4
34.3375,0.1075,0-3,1%-2%,0%-1%,0.0-0.4
34.3425,0.1075,0-3,0%-1%,0%-1%,0.0-0.4
34.3475,0.1075,0-3,1%-2%,0%-1%,0.0-0.4
34.3525,0.1075,0-3,0%-1%,0%-1%,0.0-0.4
34.3575,0.1075,0-3,0%-1%,0%-1%,0.0-0.4
34.3625,0.1075,0-3,0%-1%,0%-1%,0.0-0.4
34.0775,0.1125,0-3,1%-2%,0%-1%,0.0-0.4
34.0825,0.1125,13-,1%-2%,1%-2%,0.0-0.4
34.0875,0.1125,13-,2%-3%,1%-2%,0.0-0.4
34.0925,0.1125,13-,3%-4%,2%-3%,0.0-0.4
34.0975,0.1125,4-6,2%-3%,1%-2%,0.0-0.4
34.1025,0.1125,7-9,3%-4%,2%-3%,0.0-0.4
34.1075,0.1125,7-9,2%-3%,2%-3%,0.0-0.4
34.1125,0.1125,4-6,1%-2%,1%-2%,0.0-0.4
34.1175,0.1125,13-,2%-3%,1%-2%,0.0-0.4
34.1225,0.1125,10-12,3%-4%,2%-3%,0.4-0.8
34.1375,0.1125,7-9,3%-4%,2%-3%,0.0-0.4
34.1425,0.1125,0-3,2%-3%,1%-2%,0.0-0.4
34.1475,0.1125,0-3,1%-2%,1%-2%,0.0-0.4
34.1575,0.1125,0-3,1%-2%,0%-1%,0.0-0.4
34.1625,0.1125,0-3,1%-2%,0%-1%,0.0-0.4
34.1675,0.1125,0-3,1%-2%,0%-1%,0.0-0.4
34.1725,0.1125,0-3,1%-2%,0%-1%,0.0-0.4
34.1825,0.1125,7-9,1%-2%,1%-2%,0.0-0.4
34.1875,0.1125,0-3,2%-3%,1%-2%,0.0-0.4
34.1925,0.1125,7-9,1%-2%,1%-2%,0.0-0.4
34.1975,0.1125,4-6,1%-2%,0%-1%,0.0-0.4
34.2025,0.1125,0-3,1%-2%,0%-1%,0.0-0.4
34.2075,0.1125,13-,1%-2%,0%-1%,0.0-0.4
34.2125,0.1125,4-6,2%-3%,1%-2%,0.0-0.4
34.2225,0.1125,0-3,1%-2%,1%-2%,0.0-0.4
34.2275,0.1125,4-6,1%-2%,1%-2%,0.0-0.4
34.2325,0.1125,13-,2%-3%,1%-2%,0.0-0.4
34.2375,0.1125,0-3,2%-3%,1%-2%,0.0-0.4
34.2525,0.1125,4-6,1%-2%,0%-1%,0.0-0.4
34.2575,0.1125,10-12,1%-2%,1%-2%,0.0-0.4
34.2625,0.1125,0-3,1%-2%,1%-2%,0.0-0.4
34.2675,0.1125,0-3,2%-3%,0%-1%,0.0-0.4
34.2725,0.1125,0-3,1%-2%,0%-1%,0.0-0.4
34.2975,0.1125,0-3,2%-3%,1%-2%,0.0-0.4
34.3025,0.1125,7-9,1%-2%,0%-1%,0.0-0.4
34.3075,0.1125,0-3,0%-1%,0%-1%,0.0-0.4
34.3125,0.1125,0-3,0%-1%,0%-1%,0.0-0.4
34.3325,0.1125,0-3,2%-3%,1%-2%,0.0-0.4
34.3375,0.1125,0-3,1%-2%,0%-1%,0.0-0.4
34.3425,0.1125,0-3,0%-1%,0%-1%,0.0-0.4
34.3475,0.1125,0-3,1%-2%,0%-1%,0.0-0.4
34.3525,0.1125,0-3,1%-2%,0%-1%,0.0-0.4
34.3575,0.1125,0-3,0%-1%,0%-1%,0.0-0.4
34.0775,0.1175,4-6,0%-1%,0%-1%,0.0-0.4
34.0825,0.1175,0-3,1%-2%,0%-1%,0.0-0.4
34.0875,0.1175,7-9,2%-3%,1%-2%,0.0-0.4
34.0925,0.1175,4-6,2%-3%,1%-2%,0.4-0.8
34.0975,0.1175,13-,3%-4%,2%-3%,0.0-0.4
34.1025,0.1175,0-3,1%-2%,0%-1%,0.0-0.4
34.1125,0.1175,4-6,0%-1%,0%-1%,0.0-0.4
34.1175,0.1175,0-3,1%-2%,0%-1%,0.0-0.4
34.1325,0.1175,4-6,1%-2%,1%-2%,0.4-0.8
34.1375,0.1175,13-,2%-3%,1%-2%,0.0-0.4
34.1425,0.1175,7-9,1%-2%,0%-1%,0.0-0.4
34.1475,0.1175,0-3,3%-4%,2%-3%,0.0-0.4
34.1525,0.1175,0-3,3%-4%,1%-2%,0.0-0.4
34.1575,0.1175,13-,1%-2%,1%-2%,0.0-0.4
34.1625,0.1175,4-6,1%-2%,1%-2%,0.0-0.4
34.1725,0.1175,4-6,0%-1%,0%-1%,0.0-0.4
34.1775,0.1175,0-3,1%-2%,0%-1%,0.0-0.4
34.1875,0.1175,0-3,0%-1%,0%-1%,0.0-0.4
34.1925,0.1175,0-3,1%-2%,0%-1%,0.0-0.4
34.1975,0.1175,13-,2%-3%,1%-2%,0.0-0.4
34.2025,0.1175,0-3,0%-1%,0%-1%,0.0-0.4
34.2075,0.1175,0-3,0%-1%,0%-1%,0.0-0.4
34.2225,0.1175,0-3,1%-2%,0%-1%,0.0-0.4
34.2275,0.1175,0-3,1%-2%,0%-1%,0.0-0.4
34.2325,0.1175,13-,2%-3%,1%-2%,0.0-0.4
34.2375,0.1175,0-3,2%-3%,1%-2%,0.0-0.4
34.2425,0.1175,0-3,1%-2%,0%-1%,0.0-0.4
34.2525,0.1175,0-3,0%-1%,0%-1%,0.0-0.4
34.2575,0.1175,0-3,1%-2%,1%-2%,0.0-0.4
34.2625,0.1175,0-3,1%-2%,0%-1%,0.0-0.4
34.2675,0.1175,0-3,2%-3%,1%-2%,0.0-0.4
34.2725,0.1175,0-3,1%-2%,0%-1%,0.0-0.4
34.2975,0.1175,0-3,0%-1%,0%-1%,0.0-0.4
34.3325,0.1175,0-3,3%-4%,2%-3%,0.4-0.8
34.3375,0.1175,0-3,1%-2%,0%-1%,0.0-0.4
34.3425,0.1175,0-3,1%-2%,1%-2%,0.0-0.4
34.3475,0.1175,0-3,1%-2%,0%-1%,0.0-0.4
34.3525,0.1175,0-3,1%-2%,0%-1%,0.0-0.4
34.3575,0.1175,0-3,1%-2%,0%-1%,0.0-0.4
34.0875,0.1225,0-3,0%-1%,0%-1%,0.0-0.4
34.0925,0.1225,7-9,2%-3%,1%-2%,0.4-0.8
34.0975,0.1225,7-9,1%-2%,1%-2%,0.0-0.4
34.1025,0.1225,0-3,0%-1%,0%-1%,0.0-0.4
34.1075,0.1225,0-3,1%-2%,1%-2%,0.0-0.4
34.1125,0.1225,0-3,0%-1%,0%-1%,0.0-0.4
34.1175,0.1225,0-3,0%-1%,0%-1%,0.0-0.4
34.1325,0.1225,0-3,0%-1%,0%-1%,0.0-0.4
34.1375,0.1225,4-6,0%-1%,0%-1%,0.0-0.4
34.1475,0.1225,4-6,1%-2%,0%-1%,0.0-0.4
34.1525,0.1225,0-3,1%-2%,0%-1%,0.0-0.4
34.1575,0.1225,10-12,3%-4%,1%-2%,0.0-0.4
34.1625,0.1225,0-3,3%-4%,2%-3%,0.0-0.4
34.1825,0.1225,0-3,0%-1%,0%-1%,0.0-0.4
34.1875,0.1225,0-3,1%-2%,1%-2%,0.0-0.4
34.1925,0.1225,0-3,1%-2%,1%-2%,0.0-0.4
34.1975,0.1225,10-12,2%-3%,1%-2%,0.0-0.4
34.2275,0.1225,4-6,2%-3%,1%-2%,0.0-0.4
34.2325,0.1225,4-6,1%-2%,0%-1%,0.4-0.8
34.2375,0.1225,0-3,1%-2%,1%-2%,0.4-0.8
34.2425,0.1225,0-3,1%-2%,0%-1%,0.0-0.4
34.2575,0.1225,0-3,1%-2%,0%-1%,0.0-0.4
34.2625,0.1225,0-3,1%-2%,0%-1%,0.0-0.4
34.2825,0.1225,7-9,1%-2%,0%-1%,0.0-0.4
34.2875,0.1225,0-3,1%-2%,0%-1%,0.0-0.4
34.3075,0.1225,0-3,2%-3%,1%-2%,0.0-0.4
34.3125,0.1225,0-3,2%-3%,1%-2%,0.0-0.4
34.3325,0.1225,0-3,2%-3%,1%-2%,0.4-0.8
34.3375,0.1225,0-3,2%-3%,1%-2%,0.0-0.4
34.3425,0.1225,4-6,0%-1%,0%-1%,0.0-0.4
34.3475,0.1225,10-12,0%-1%,0%-1%,0.0-0.4
34.3525,0.1225,0-3,1%-2%,0%-1%,0.0-0.4
34.3575,0.1225,0-3,1%-2%,0%-1%,0.0-0.4
34.0925,0.1275,0-3,3%-4%,2%-3%,0.0-0.4
34.0975,0.1275,0-3,2%-3%,1%-2%,0.0-0.4
34.1025,0.1275,0-3,0%-1%,0%-1%,0.0-0.4
34.1125,0.1275,13-,2%-3%,1%-2%,0.0-0.4
34.1175,0.1275,13-,1%-2%,1%-2%,0.0-0.4
34.1375,0.1275,4-6,0%-1%,0%-1%,0.0-0.4
34.1425,0.1275,13-,2%-3%,1%-2%,0.0-0.4
34.1475,0.1275,0-3,0%-1%,0%-1%,0.0-0.4
34.1525,0.1275,0-3,1%-2%,0%-1%,0.0-0.4
34.1575,0.1275,0-3,1%-2%,0%-1%,0.0-0.4
34.1925,0.1275,4-6,0%-1%,0%-1%,0.0-0.4
34.1975,0.1275,4-6,0%-1%,0%-1%,0.0-0.4
34.2025,0.1275,0-3,2%-3%,1%-2%,0.0-0.4
34.2225,0.1275,0-3,1%-2%,1%-2%,0.0-0.4
34.2275,0.1275,10-12,2%-3%,1%-2%,0.0-0.4
34.2325,0.1275,4-6,1%-2%,1%-2%,0.0-0.4
34.2375,0.1275,0-3,0%-1%,0%-1%,0.0-0.4
34.2425,0.1275,0-3,0%-1%,0%-1%,0.4-0.8
34.2525,0.1275,0-3,1%-2%,0%-1%,0.0-0.4
34.2575,0.1275,0-3,0%-1%,0%-1%,0.0-0.4
34.2625,0.1275,4-6,1%-2%,0%-1%,0.0-0.4
34.2675,0.1275,0-3,1%-2%,0%-1%,0.0-0.4
34.2825,0.1275,10-12,1%-2%,1%-2%,0.0-0.4
34.2875,0.1275,10-12,1%-2%,0%-1%,0.0-0.4
34.3025,0.1275,7-9,1%-2%,0%-1%,0.0-0.4
34.3075,0.1275,7-9,2%-3%,1%-2%,0.4-0.8
34.3125,0.1275,4-6,1%-2%,1%-2%,0.0-0.4
34.3325,0.1275,0-3,2%-3%,1%-2%,0.0-0.4
34.3475,0.1275,10-12,1%-2%,0%-1%,0.0-0.4
34.3525,0.1275,7-9,0%-1%,0%-1%,0.0-0.4
34.3575,0.1275,0-3,0%-1%,0%-1%,0.0-0.4
34.0975,0.1325,0-3,2%-3%,1%-2%,0.0-0.4
34.1125,0.1325,10-12,1%-2%,0%-1%,0.0-0.4
34.1175,0.1325,13-,1%-2%,1%-2%,0.0-0.4
34.1325,0.1325,0-3,0%-1%,0%-1%,0.0-0.4
34.1375,0.1325,0-3,0%-1%,0%-1%,0.0-0.4
34.1425,0.1325,13-,2%-3%,1%-2%,0.0-0.4
34.1475,0.1325,0-3,1%-2%,1%-2%,0.0-0.4
34.1525,0.1325,0-3,1%-2%,0%-1%,0.0-0.4
34.1575,0.1325,0-3,1%-2%,0%-1%,0.0-0.4
34.1825,0.1325,0-3,1%-2%,1%-2%,0.0-0.4
34.1925,0.1325,0-3,1%-2%,0%-1%,0.0-0.4
34.1975,0.1325,7-9,1%-2%,1%-2%,0.0-0.4
34.2025,0.1325,7-9,1%-2%,0%-1%,0.0-0.4
34.2175,0.1325,7-9,1%-2%,0%-1%,0.0-0.4
34.2225,0.1325,0-3,1%-2%,0%-1%,0.0-0.4
34.2275,0.1325,10-12,2%-3%,1%-2%,0.0-0.4
34.2325,0.1325,4-6,1%-2%,0%-1%,0.0-0.4
34.2375,0.1325,0-3,0%-1%,0%-1%,0.0-0.4
34.2475,0.1325,0-3,1%-2%,1%-2%,0.0-0.4
34.2525,0.1325,0-3,0%-1%,0%-1%,0.0-0.4
34.2575,0.1325,7-9,2%-3%,1%-2%,0.0-0.4
34.2625,0.1325,13-,0%-1%,0%-1%,0.0-0.4
34.2675,0.1325,4-6,1%-2%,0%-1%,0.0-0.4
34.2725,0.1325,0-3,2%-3%,1%-2%,0.0-0.4
34.2775,0.1325,0-3,0%-1%,0%-1%,0.0-0.4
34.2825,0.1325,7-9,1%-2%,0%-1%,0.0-0.4
34.2875,0.1325,4-6,0%-1%,0%-1%,0.0-0.4
34.3025,0.1325,0-3,1%-2%,0%-1%,0.0-0.4
34.3075,0.1325,0-3,1%-2%,0%-1%,0.0-0.4
34.3125,0.1325,0-3,2%-3%,0%-1%,0.0-0.4
34.3275,0.1325,0-3,1%-2%,0%-1%,0.0-0.4
34.3325,0.1325,0-3,2%-3%,1%-2%,0.0-0.4
34.3475,0.1325,7-9,1%-2%,1%-2%,0.0-0.4
34.3525,0.1325,0-3,1%-2%,0%-1%,0.0-0.4
34.1125,0.1375,0-3,0%-1%,0%-1%,0.0-0.4
34.1175,0.1375,10-12,1%-2%,1%-2%,0.0-0.4
34.1225,0.1375,0-3,1%-2%,1%-2%,0.0-0.4
34.1375,0.1375,0-3,0%-1%,0%-1%,0.0-0.4
34.1425,0.1375,7-9,1%-2%,0%-1%,0.0-0.4
34.1475,0.1375,13-,1%-2%,1%-2%,0.0-0.4
34.1525,0.1375,10-12,1%-2%,1%-2%,0.0-0.4
34.1625,0.1375,0-3,0%-1%,0%-1%,0.0-0.4
34.1675,0.1375,0-3,1%-2%,0%-1%,0.0-0.4
34.1725,0.1375,4-6,1%-2%,1%-2%,0.0-0.4
34.1775,0.1375,0-3,1%-2%,0%-1%,0.0-0.4
34.1825,0.1375,0-3,1%-2%,0%-1%,0.0-0.4
34.1975,0.1375,4-6,1%-2%,1%-2%,0.0-0.4
34.2025,0.1375,13-,2%-3%,1%-2%,0.0-0.4
34.2075,0.1375,0-3,1%-2%,0%-1%,0.0-0.4
34.2175,0.1375,4-6,1%-2%,0%-1%,0.0-0.4
34.2225,0.1375,10-12,1%-2%,0%-1%,0.0-0.4
34.2275,0.1375,0-3,1%-2%,0%-1%,0.0-0.4
34.2325,0.1375,0-3,1%-2%,0%-1%,0.0-0.4
34.2375,0.1375,0-3,1%-2%,1%-2%,0.0-0.4
34.2425,0.1375,0-3,1%-2%,0%-1%,0.0-0.4
34.2475,0.1375,0-3,1%-2%,1%-2%,0.0-0.4
34.2525,0.1375,0-3,1%-2%,0%-1%,0.0-0.4
34.2575,0.1375,0-3,2%-3%,1%-2%,0.0-0.4
34.2675,0.1375,0-3,1%-2%,0%-1%,0.0-0.4
34.2725,0.1375,4-6,1%-2%,1%-2%,0.0-0.4
34.2775,0.1375,0-3,2%-3%,0%-1%,0.0-0.4
34.2825,0.1375,0-3,0%-1%,0%-1%,0.0-0.4
34.2875,0.1375,4-6,0%-1%,0%-1%,0.0-0.4
34.2925,0.1375,4-6,1%-2%,0%-1%,0.0-0.4
34.2975,0.1375,0-3,1%-2%,0%-1%,0.0-0.4
34.3025,0.1375,0-3,0%-1%,0%-1%,0.0-0.4
34.3075,0.1375,0-3,1%-2%,1%-2%,0.0-0.4
34.3275,0.1375,0-3,1%-2%,0%-1%,0.4-0.8
34.3325,0.1375,0-3,2%-3%,1%-2%,0.0-0.4
34.3475,0.1375,4-6,0%-1%,0%-1%,0.0-0.4
34.3525,0.1375,4-6,0%-1%,0%-1%,0.0-0.4
34.4125,0.1375,0-3,0%-1%,0%-1%,0.0-0.4
34.4175,0.1375,0-3,0%-1%,0%-1%,0.0-0.4
34.1125,0.1425,4-6,0%-1%,0%-1%,0.0-0.4
34.1175,0.1425,10-12,1%-2%,1%-2%,0.0-0.4
34.1225,0.1425,0-3,1%-2%,0%-1%,0.0-0.4
34.1275,0.1425,0-3,0%-1%,0%-1%,0.0-0.4
34.1375,0.1425,0-3,0%-1%,0%-1%,0.0-0.4
34.1425,0.1425,0-3,0%-1%,0%-1%,0.0-0.4
34.1475,0.1425,0-3,0%-1%,0%-1%,0.0-0.4
34.1525,0.1425,10-12,1%-2%,0%-1%,0.0-0.4
34.1575,0.1425,0-3,0%-1%,0%-1%,0.0-0.4
34.1625,0.1425,0-3,2%-3%,1%-2%,0.0-0.4
34.1675,0.1425,0-3,2%-3%,1%-2%,0.0-0.4
34.1725,0.1425,10-12,2%-3%,1%-2%,0.0-0.4
34.1775,0.1425,0-3,2%-3%,1%-2%,0.0-0.4
34.1825,0.1425,0-3,2%-3%,1%-2%,0.0-0.4
34.1925,0.1425,0-3,3%-4%,2%-3%,0.0-0.4
34.1975,0.1425,0-3,2%-3%,1%-2%,0.0-0.4
34.2025,0.1425,13-,1%-2%,1%-2%,0.0-0.4
34.2175,0.1425,4-6,0%-1%,0%-1%,0.0-0.4
34.2225,0.1425,7-9,1%-2%,1%-2%,0.0-0.4
34.2275,0.1425,0-3,1%-2%,0%-1%,0.0-0.4
34.2325,0.1425,0-3,0%-1%,0%-1%,0.0-0.4
34.2475,0.1425,0-3,1%-2%,0%-1%,0.0-0.4
34.2525,0.1425,13-,1%-2%,1%-2%,0.0-0.4
34.2575,0.1425,4-6,1%-2%,0%-1%,0.0-0.4
34.2625,0.1425,0-3,0%-1%,0%-1%,0.0-0.4
34.2675,0.1425,7-9,1%-2%,0%-1%,0.0-0.4
34.2725,0.1425,7-9,1%-2%,1%-2%,0.0-0.4
34.2775,0.1425,13-,1%-2%,0%-1%,0.0-0.4
34.2825,0.1425,0-3,1%-2%,0%-1%,0.0-0.4
34.2875,0.1425,4-6,2%-3%,1%-2%,0.0-0.4
34.2925,0.1425,7-9,2%-3%,1%-2%,0.0-0.4
34.2975,0.1425,0-3,3%-4%,1%-2%,0.0-0.4
34.3025,0.1425,0-3,0%-1%,0%-1%,0.0-0.4
34.3075,0.1425,0-3,2%-3%,1%-2%,0.0-0.4
34.3225,0.1425,0-3,0%-1%,0%-1%,0.0-0.4
34.3425,0.1425,0-3,0%-1%,0%-1%,0.0-0.4
34.3475,0.1425,0-3,1%-2%,0%-1%,0.0-0.4
34.3525,0.1425,7-9,2%-3%,0%-1%,0.0-0.4
34.3575,0.1425,4-6,2%-3%,0%-1%,0.0-0.4
34.3625,0.1425,4-6,1%-2%,0%-1%,0.0-0.4
34.3675,0.1425,0-3,0%-1%,0%-1%,0.0-0.4
34.4025,0.1425,0-3,1%-2%,1%-2%,0.0-0.4
34.4075,0.1425,0-3,1%-2%,1%-2%,0.4-0.8
34.4125,0.1425,10-12,1%-2%,0%-1%,0.0-0.4
34.4175,0.1425,4-6,0%-1%,0%-1%,0.0-0.4
34.1175,0.1475,0-3,1%-2%,0%-1%,0.0-0.4
34.1225,0.1475,7-9,1%-2%,1%-2%,0.0-0.4
34.1275,0.1475,13-,1%-2%,1%-2%,0.0-0.4
34.1325,0.1475,10-12,1%-2%,1%-2%,0.0-0.4
34.1425,0.1475,0-3,0%-1%,0%-1%,0.0-0.4
34.1475,0.1475,13-,1%-2%,1%-2%,0.0-0.4
34.1525,0.1475,13-,1%-2%,0%-1%,0.0-0.4
34.1575,0.1475,0-3,0%-1%,0%-1%,0.0-0.4
34.1625,0.1475,0-3,1%-2%,0%-1%,0.0-0.4
34.1675,0.1475,0-3,2%-3%,1%-2%,0.0-0.4
34.1725,0.1475,0-3,2%-3%,1%-2%,0.0-0.4
34.1775,0.1475,0-3,1%-2%,1%-2%,0.0-0.4
34.1825,0.1475,0-3,1%-2%,0%-1%,0.0-0.4
34.1875,0.1475,0-3,2%-3%,1%-2%,0.0-0.4
34.1925,0.1475,0-3,2%-3%,1%-2%,0.0-0.4
34.1975,0.1475,0-3,2%-3%,1%-2%,0.0-0.4
34.2025,0.1475,0-3,2%-3%,1%-2%,0.0-0.4
34.2075,0.1475,0-3,1%-2%,1%-2%,0.0-0.4
34.2125,0.1475,0-3,1%-2%,1%-2%,0.0-0.4
34.2175,0.1475,0-3,1%-2%,0%-1%,0.0-0.4
34.2225,0.1475,0-3,1%-2%,0%-1%,0.0-0.4
34.2275,0.1475,0-3,0%-1%,0%-1%,0.0-0.4
34.2425,0.1475,0-3,2%-3%,1%-2%,0.0-0.4
34.2475,0.1475,0-3,0%-1%,0%-1%,0.0-0.4
34.2525,0.1475,4-6,0%-1%,0%-1%,0.0-0.4
34.2575,0.1475,4-6,0%-1%,0%-1%,0.0-0.4
34.2725,0.1475,0-3,0%-1%,0%-1%,0.0-0.4
34.2775,0.1475,0-3,0%-1%,0%-1%,0.0-0.4
34.2925,0.1475,10-12,0%-1%,0%-1%,0.0-0.4
34.2975,0.1475,4-6,1%-2%,1%-2%,0.0-0.4
34.3025,0.1475,0-3,1%-2%,0%-1%,0.0-0.4
34.3075,0.1475,0-3,1%-2%,0%-1%,0.0-0.4
34.3125,0.1475,0-3,0%-1%,0%-1%,0.0-0.4
34.3175,0.1475,0-3,0%-1%,0%-1%,0.0-0.4
34.3225,0.1475,4-6,2%-3%,1%-2%,0.0-0.4
34.3275,0.1475,10-12,2%-3%,1%-2%,0.0-0.4
34.3325,0.1475,7-9,1%-2%,0%-1%,0.0-0.4
34.3375,0.1475,0-3,2%-3%,1%-2%,0.0-0.4
34.3425,0.1475,13-,1%-2%,0%-1%,0.0-0.4
34.3475,0.1475,0-3,1%-2%,0%-1%,0.0-0.4
34.3525,0.1475,0-3,2%-3%,1%-2%,0.0-0.4
34.3575,0.1475,0-3,2%-3%,1%-2%,0.0-0.4
34.3625,0.1475,13-,2%-3%,1%-2%,0.0-0.4
34.3675,0.1475,0-3,0%-1%,0%-1%,0.0-0.4
34.3725,0.1475,0-3,1%-2%,1%-2%,0.0-0.4
34.3775,0.1475,0-3,2%-3%,1%-2%,0.0-0.4
34.3825,0.1475,0-3,1%-2%,1%-2%,0.0-0.4
34.3925,0.1475,0-3,1%-2%,0%-1%,0.4-0.8
34.3975,0.1475,0-3,2%-3%,2%-3%,0.8-1.2
34.4025,0.1475,0-3,1%-2%,0%-1%,0.4-0.8
34.4075,0.1475,7-9,1%-2%,1%-2%,0.0-0.4
34.4125,0.1475,7-9,1%-2%,1%-2%,0.0-0.4
34.4175,0.1475,10-12,1%-2%,0%-1%,0.0-0.4
34.1175,0.1525,4-6,1%-2%,1%-2%,0.0-0.4
34.1225,0.1525,10-12,2%-3%,1%-2%,0.0-0.4
34.1275,0.1525,4-6,3%-4%,2%-3%,0.0-0.4
34.1325,0.1525,0-3,2%-3%,1%-2%,0.0-0.4
34.1375,0.1525,0-3,1%-2%,0%-1%,0.0-0.4
34.1425,0.1525,0-3,1%-2%,1%-2%,0.0-0.4
34.1475,0.1525,4-6,1%-2%,1%-2%,0.0-0.4
34.1525,0.1525,13-,1%-2%,0%-1%,0.0-0.4
34.1575,0.1525,10-12,0%-1%,0%-1%,0.0-0.4
34.1625,0.1525,0-3,1%-2%,0%-1%,0.0-0.4
34.1675,0.1525,0-3,2%-3%,1%-2%,0.0-0.4
34.1775,0.1525,0-3,1%-2%,0%-1%,0.0-0.4
34.1825,0.1525,0-3,1%-2%,1%-2%,0.0-0.4
34.1875,0.1525,0-3,1%-2%,1%-2%,0.0-0.4
34.1975,0.1525,0-3,1%-2%,0%-1%,0.0-0.4
34.2025,0.1525,0-3,1%-2%,0%-1%,0.0-0.4
34.2075,0.1525,0-3,0%-1%,0%-1%,0.0-0.4
34.2175,0.1525,0-3,2%-3%,1%-2%,0.0-0.4
34.2325,0.1525,4-6,1%-2%,0%-1%,0.0-0.4
34.2375,0.1525,0-3,0%-1%,0%-1%,0.0-0.4
34.2425,0.1525,7-9,1%-2%,0%-1%,0.0-0.4
34.2475,0.1525,0-3,0%-1%,0%-1%,0.0-0.4
34.2525,0.1525,4-6,1%-2%,1%-2%,0.0-0.4
34.2575,0.1525,13-,1%-2%,0%-1%,0.0-0.4
34.2625,0.1525,7-9,1%-2%,0%-1%,0.0-0.4
34.2675,0.1525,4-6,1%-2%,0%-1%,0.0-0.4
34.2725,0.1525,13-,1%-2%,1%-2%,0.0-0.4
34.2775,0.1525,7-9,0%-1%,0%-1%,0.0-0.4
34.2975,0.1525,0-3,0%-1%,0%-1%,0.0-0.4
34.3025,0.1525,0-3,0%-1%,0%-1%,0.0-0.4
34.3075,0.1525,0-3,0%-1%,0%-1%,0.0-0.4
34.3125,0.1525,0-3,1%-2%,1%-2%,0.0-0.4
34.3175,0.1525,0-3,2%-3%,1%-2%,0.4-0.8
34.3225,0.1525,4-6,3%-4%,2%-3%,0.8-1.2
34.3275,0.1525,4-6,3%-4%,2%-3%,0.8-1.2
34.3325,0.1525,4-6,3%-4%,2%-3%,0.4-0.8
34.3375,0.1525,0-3,3%-4%,1%-2%,0.4-0.8
34.3425,0.1525,4-6,3%-4%,2%-3%,0.4-0.8
34.3475,0.1525,0-3,1%-2%,1%-2%,0.0-0.4
34.3525,0.1525,0-3,0%-1%,0%-1%,0.0-0.4
34.3575,0.1525,4-6,2%-3%,1%-2%,0.4-0.8
34.3625,0.1525,7-9,3%-4%,1%-2%,0.0-0.4
34.3675,0.1525,13-,1%-2%,0%-1%,0.0-0.4
34.3725,0.1525,0-3,1%-2%,1%-2%,0.4-0.8
34.3775,0.1525,0-3,1%-2%,1%-2%,0.4-0.8
34.3825,0.1525,13-,3%-4%,1%-2%,0.4-0.8
34.3875,0.1525,7-9,1%-2%,1%-2%,0.4-0.8
34.3925,0.1525,0-3,1%-2%,1%-2%,0.4-0.8
34.3975,0.1525,0-3,2%-3%,1%-2%,0.4-0.8
34.4025,0.1525,0-3,1%-2%,0%-1%,0.0-0.4
34.4075,0.1525,0-3,0%-1%,0%-1%,0.0-0.4
34.4125,0.1525,7-9,1%-2%,1%-2%,0.0-0.4
34.4175,0.1525,10-12,1%-2%,0%-1%,0.0-0.4
34.4225,0.1525,0-3,0%-1%,0%-1%,0.0-0.4
34.4275,0.1525,0-3,0%-1%,0%-1%,0.0-0.4
34.4325,0.1525,0-3,0%-1%,0%-1%,0.0-0.4
34.1125,0.1575,0-3,0%-1%,0%-1%,0.0-0.4
34.1175,0.1575,0-3,2%-3%,1%-2%,0.0-0.4
34.1225,0.1575,0-3,2%-3%,1%-2%,0.0-0.4
34.1275,0.1575,4-6,1%-2%,0%-1%,0.0-0.4
34.1325,0.1575,0-3,1%-2%,1%-2%,0.0-0.4
34.1375,0.1575,0-3,1%-2%,0%-1%,0.0-0.4
34.1425,0.1575,0-3,1%-2%,0%-1%,0.0-0.4
34.1475,0.1575,0-3,2%-3%,0%-1%,0.0-0.4
34.1525,0.1575,4-6,2%-3%,1%-2%,0.0-0.4
34.1575,0.1575,13-,3%-4%,1%-2%,0.0-0.4
34.1625,0.1575,4-6,1%-2%,0%-1%,0.0-0.4
34.1675,0.1575,0-3,0%-1%,0%-1%,0.0-0.4
34.1725,0.1575,0-3,0%-1%,0%-1%,0.0-0.4
34.1775,0.1575,0-3,0%-1%,0%-1%,0.0-0.4
34.1825,0.1575,0-3,1%-2%,0%-1%,0.0-0.4
34.2025,0.1575,0-3,0%-1%,0%-1%,0.0-0.4
34.2075,0.1575,0-3,1%-2%,0%-1%,0.0-0.4
34.2175,0.1575,0-3,1%-2%,0%-1%,0.4-0.8
34.2225,0.1575,7-9,1%-2%,0%-1%,0.0-0.4
34.2275,0.1575,0-3,0%-1%,0%-1%,0.0-0.4
34.2325,0.1575,13-,2%-3%,1%-2%,0.0-0.4
34.2375,0.1575,7-9,1%-2%,0%-1%,0.0-0.4
34.2425,0.1575,10-12,1%-2%,1%-2%,0.0-0.4
34.2475,0.1575,10-12,1%-2%,1%-2%,0.0-0.4
34.2525,0.1575,7-9,2%-3%,1%-2%,0.0-0.4
34.2575,0.1575,13-,1%-2%,0%-1%,0.0-0.4
34.2625,0.1575,0-3,1%-2%,1%-2%,0.0-0.4
34.2675,0.1575,7-9,1%-2%,1%-2%,0.0-0.4
34.2725,0.1575,4-6,1%-2%,1%-2%,0.0-0.4
34.2775,0.1575,13-,1%-2%,1%-2%,0.0-0.4
34.2825,0.1575,0-3,1%-2%,0%-1%,0.0-0.4
34.2875,0.1575,0-3,1%-2%,0%-1%,0.0-0.4
34.2925,0.1575,0-3,0%-1%,0%-1%,0.0-0.4
34.3125,0.1575,0-3,0%-1%,0%-1%,0.4-0.8
34.3175,0.1575,0-3,2%-3%,1%-2%,0.4-0.8
34.3225,0.1575,10-12,2%-3%,1%-2%,0.8-1.2
34.3275,0.1575,10-12,2%-3%,0%-1%,0.8-1.2
34.3325,0.1575,7-9,2%-3%,1%-2%,0.4-0.8
34.3375,0.1575,4-6,1%-2%,1%-2%,0.4-0.8
34.3425,0.1575,7-9,2%-3%,1%-2%,0.4-0.8
34.3475,0.1575,0-3,3%-4%,2%-3%,0.4-0.8
34.3525,0.1575,4-6,2%-3%,1%-2%,0.4-0.8
34.3575,0.1575,0-3,3%-4%,1%-2%,0.8-1.2
34.3625,0.1575,0-3,3%-4%,2%-3%,0.8-1.2
34.3675,0.1575,4-6,3%-4%,1%-2%,0.4-0.8
34.3725,0.1575,13-,3%-4%,1%-2%,0.4-0.8
34.3775,0.1575,4-6,3%-4%,2%-3%,0.8-1.2
34.3825,0.1575,0-3,3%-4%,2%-3%,0.4-0.8
34.3875,0.1575,0-3,1%-2%,0%-1%,0.4-0.8
34.3925,0.1575,10-12,1%-2%,1%-2%,0.4-0.8
34.3975,0.1575,7-9,1%-2%,0%-1%,0.4-0.8
34.4025,0.1575,0-3,1%-2%,1%-2%,0.0-0.4
34.4075,0.1575,4-6,0%-1%,0%-1%,0.0-0.4
34.4125,0.1575,0-3,0%-1%,0%-1%,0.0-0.4
34.4175,0.1575,4-6,0%-1%,0%-1%,0.0-0.4
34.4225,0.1575,0-3,0%-1%,0%-1%,0.0-0.4
34.4275,0.1575,0-3,1%-2%,0%-1%,0.0-0.4
34.4325,0.1575,0-3,0%-1%,0%-1%,0.0-0.4
34.4375,0.1575,0-3,0%-1%,0%-1%,0.0-0.4
34.1125,0.1625,0-3,0%-1%,0%-1%,0.0-0.4
34.1175,0.1625,0-3,1%-2%,0%-1%,0.0-0.4
34.1225,0.1625,0-3,1%-2%,1%-2%,0.0-0.4
34.1275,0.1625,0-3,0%-1%,0%-1%,0.0-0.4
34.1325,0.1625,0-3,1%-2%,0%-1%,0.0-0.4
34.1375,0.1625,0-3,1%-2%,0%-1%,0.0-0.4
34.1425,0.1625,7-9,1%-2%,0%-1%,0.0-0.4
34.1475,0.1625,0-3,1%-2%,0%-1%,0.0-0.4
34.1525,0.1625,7-9,1%-2%,0%-1%,0.0-0.4
34.1575,0.1625,0-3,2%-3%,1%-2%,0.0-0.4
34.1625,0.1625,7-9,1%-2%,0%-1%,0.0-0.4
34.1675,0.1625,0-3,1%-2%,0%-1%,0.0-0.4
34.1725,0.1625,0-3,2%-3%,1%-2%,0.0-0.4
34.1775,0.1625,0-3,0%-1%,0%-1%,0.0-0.4
34.2025,0.1625,0-3,2%-3%,1%-2%,0.0-0.4
34.2075,0.1625,0-3,2%-3%,1%-2%,0.0-0.4
34.2125,0.1625,0-3,1%-2%,0%-1%,0.0-0.4
34.2175,0.1625,0-3,0%-1%,0%-1%,0.4-0.8
34.2225,0.1625,7-9,1%-2%,0%-1%,0.4-0.8
34.2275,0.1625,13-,1%-2%,0%-1%,0.0-0.4
34.2325,0.1625,7-9,2%-3%,1%-2%,0.0-0.4
34.2375,0.1625,13-,3%-4%,1%-2%,0.0-0.4
34.2425,0.1625,10-12,2%-3%,1%-2%,0.0-0.4
34.2475,0.1625,7-9,1%-2%,0%-1%,0.0-0.4
34.2525,0.1625,4-6,1%-2%,0%-1%,0.0-0.4
34.2575,0.1625,13-,2%-3%,1%-2%,0.0-0.4
34.2625,0.1625,0-3,0%-1%,0%-1%,0.0-0.4
34.2675,0.1625,0-3,1%-2%,0%-1%,0.0-0.4
34.2725,0.1625,10-12,3%-4%,2%-3%,0.0-0.4
34.2775,0.1625,10-12,1%-2%,1%-2%,0.0-0.4
34.2825,0.1625,0-3,0%-1%,0%-1%,0.0-0.4
34.2875,0.1625,0-3,1%-2%,0%-1%,0.0-0.4
34.2925,0.1625,0-3,2%-3%,1%-2%,0.0-0.4
34.3175,0.1625,0-3,1%-2%,1%-2%,0.4-0.8
34.3225,0.1625,0-3,0%-1%,0%-1%,0.4-0.8
34.3275,0.1625,7-9,1%-2%,1%-2%,0.8-1.2
34.3325,0.1625,10-12,0%-1%,0%-1%,0.4-0.8
34.3375,0.1625,4-6,1%-2%,1%-2%,0.4-0.8
34.3425,0.1625,10-12,2%-3%,1%-2%,0.4-0.8
34.3475,0.1625,10-12,1%-2%,0%-1%,0.4-0.8
34.3525,0.1625,10-12,2%-3%,1%-2%,0.4-0.8
34.3575,0.1625,0-3,2%-3%,1%-2%,0.8-1.2
34.3625,0.1625,0-3,2%-3%,1%-2%,0.8-1.2
34.3675,0.1625,0-3,1%-2%,0%-1%,0.8-1.2
34.3725,0.1625,4-6,2%-3%,1%-2%,0.4-0.8
34.3775,0.1625,7-9,2%-3%,1%-2%,0.8-1.2
34.3825,0.1625,0-3,1%-2%,1%-2%,0.4-0.8
34.3875,0.1625,0-3,2%-3%,1%-2%,0.0-0.4
34.3925,0.1625,0-3,1%-2%,0%-1%,0.0-0.4
34.3975,0.1625,4-6,1%-2%,0%-1%,0.0-0.4
34.4025,0.1625,4-6,0%-1%,0%-1%,0.0-0.4
34.4075,0.1625,0-3,0%-1%,0%-1%,0.0-0.4
34.4125,0.1625,13-,1%-2%,1%-2%,0.0-0.4
34.4175,0.1625,4-6,1%-2%,0%-1%,0.0-0.4
34.4225,0.1625,7-9,1%-2%,1%-2%,0.0-0.4
34.4275,0.1625,0-3,1%-2%,1%-2%,0.0-0.4
34.4325,0.1625,0-3,1%-2%,1%-2%,0.0-0.4
34.4375,0.1625,0-3,0%-1%,0%-1%,0.0-0.4
34.1125,0.1675,0-3,0%-1%,0%-1%,0.0-0.4
34.1175,0.1675,0-3,1%-2%,0%-1%,0.0-0.4
34.1225,0.1675,0-3,0%-1%,0%-1%,0.0-0.4
34.1275,0.1675,0-3,0%-1%,0%-1%,0.0-0.4
34.1325,0.1675,0-3,0%-1%,0%-1%,0.0-0.4
34.1375,0.1675,0-3,0%-1%,0%-1%,0.0-0.4
34.1425,0.1675,0-3,0%-1%,0%-1%,0.0-0.4
34.1475,0.1675,4-6,1%-2%,0%-1%,0.0-0.4
34.1525,0.1675,0-3,1%-2%,0%-1%,0.0-0.4
34.1575,0.1675,7-9,3%-4%,1%-2%,0.0-0.4
34.1625,0.1675,13-,2%-3%,1%-2%,0.0-0.4
34.1675,0.1675,7-9,1%-2%,0%-1%,0.0-0.4
34.1725,0.1675,13-,3%-4%,2%-3%,0.0-0.4
34.1775,0.1675,7-9,1%-2%,0%-1%,0.0-0.4
34.1825,0.1675,0-3,0%-1%,0%-1%,0.0-0.4
34.1925,0.1675,0-3,0%-1%,0%-1%,0.0-0.4
34.2025,0.1675,0-3,3%-4%,1%-2%,0.0-0.4
34.2075,0.1675,0-3,3%-4%,1%-2%,0.0-0.4
34.2125,0.1675,0-3,2%-3%,1%-2%,0.0-0.4
34.2175,0.1675,4-6,1%-2%,1%-2%,0.4-0.8
34.2225,0.1675,7-9,1%-2%,0%-1%,0.4-0.8
34.2275,0.1675,4-6,1%-2%,0%-1%,0.0-0.4
34.2325,0.1675,10-12,2%-3%,1%-2%,0.0-0.4
34.2375,0.1675,10-12,2%-3%,1%-2%,0.4-0.8
34.2425,0.1675,0-3,2%-3%,1%-2%,0.4-0.8
34.2475,0.1675,7-9,3%-4%,1%-2%,0.0-0.4
34.2525,0.1675,0-3,2%-3%,1%-2%,0.0-0.4
34.2575,0.1675,4-6,2%-3%,1%-2%,0.0-0.4
34.2625,0.1675,0-3,0%-1%,0%-1%,0.0-0.4
34.2675,0.1675,0-3,1%-2%,0%-1%,0.0-0.4
34.2725,0.1675,0-3,3%-4%,1%-2%,0.4-0.8
34.2775,0.1675,4-6,1%-2%,0%-1%,0.0-0.4
34.2825,0.1675,0-3,1%-2%,0%-1%,0.0-0.4
34.2875,0.1675,0-3,1%-2%,0%-1%,0.0-0.4
34.2925,0.1675,0-3,3%-4%,1%-2%,0.0-0.4
34.3175,0.1675,0-3,3%-4%,1%-2%,0.4-0.8
34.3225,0.1675,0-3,0%-1%,0%-1%,0.4-0.8
34.3275,0.1675,7-9,0%-1%,0%-1%,0.4-0.8
34.3325,0.1675,10-12,1%-2%,1%-2%,0.0-0.4
34.3425,0.1675,4-6,1%-2%,0%-1%,0.0-0.4
34.3475,0.1675,7-9,2%-3%,1%-2%,0.0-0.4
34.3525,0.1675,10-12,2%-3%,1%-2%,0.0-0.4
34.3575,0.1675,10-12,2%-3%,1%-2%,0.4-0.8
34.3625,0.1675,0-3,1%-2%,0%-1%,0.4-0.8
34.3675,0.1675,0-3,1%-2%,0%-1%,0.4-0.8
34.3725,0.1675,7-9,2%-3%,1%-2%,0.4-0.8
34.3775,0.1675,10-12,2%-3%,1%-2%,0.4-0.8
34.3825,0.1675,0-3,2%-3%,1%-2%,0.0-0.4
34.3875,0.1675,0-3,0%-1%,0%-1%,0.0-0.4
34.3925,0.1675,0-3,1%-2%,1%-2%,0.0-0.4
34.3975,0.1675,0-3,0%-1%,0%-1%,0.0-0.4
34.4025,0.1675,10-12,2%-3%,1%-2%,0.0-0.4
34.4075,0.1675,0-3,2%-3%,1%-2%,0.0-0.4
34.4125,0.1675,0-3,1%-2%,1%-2%,0.0-0.4
34.4175,0.1675,7-9,1%-2%,1%-2%,0.0-0.4
34.4225,0.1675,0-3,1%-2%,1%-2%,0.0-0.4
34.4275,0.1675,0-3,1%-2%,1%-2%,0.0-0.4
34.4325,0.1675,0-3,2%-3%,1%-2%,0.0-0.4
34.4425,0.1675,0-3,0%-1%,0%-1%,0.0-0.4
34.1175,0.1725,0-3,0%-1%,0%-1%,0.0-0.4
34.1225,0.1725,0-3,0%-1%,0%-1%,0.0-0.4
34.1275,0.1725,0-3,0%-1%,0%-1%,0.0-0.4
34.1325,0.1725,0-3,1%-2%,0%-1%,0.0-0.4
34.1375,0.1725,0-3,2%-3%,1%-2%,0.0-0.4
34.1425,0.1725,0-3,1%-2%,0%-1%,0.0-0.4
34.1475,0.1725,0-3,1%-2%,0%-1%,0.0-0.4
34.1525,0.1725,0-3,1%-2%,0%-1%,0.0-0.4
34.1575,0.1725,10-12,2%-3%,1%-2%,0.0-0.4
34.1625,0.1725,13-,2%-3%,1%-2%,0.0-0.4
34.1675,0.1725,0-3,1%-2%,0%-1%,0.0-0.4
34.1725,0.1725,4-6,2%-3%,1%-2%,0.0-0.4
34.1775,0.1725,7-9,3%-4%,2%-3%,0.0-0.4
34.1825,0.1725,0-3,1%-2%,0%-1%,0.0-0.4
34.1875,0.1725,7-9,2%-3%,1%-2%,0.0-0.4
34.1925,0.1725,0-3,0%-1%,0%-1%,0.0-0.4
34.1975,0.1725,0-3,1%-2%,1%-2%,0.0-0.4
34.2025,0.1725,0-3,2%-3%,1%-2%,0.0-0.4
34.2075,0.1725,0-3,3%-4%,1%-2%,0.0-0.4
34.2125,0.1725,0-3,2%-3%,1%-2%,0.0-0.4
34.2175,0.1725,10-12,3%-4%,2%-3%,0.0-0.4
34.2225,0.1725,13-,2%-3%,1%-2%,0.0-0.4
34.2275,0.1725,4-6,2%-3%,0%-1%,0.0-0.4
34.2325,0.1725,13-,2%-3%,1%-2%,0.8-1.2
34.2375,0.1725,13-,2%-3%,1%-2%,0.8-1.2
34.2425,0.1725,0-3,2%-3%,1%-2%,0.4-0.8
34.2475,0.1725,10-12,2%-3%,1%-2%,0.4-0.8
34.2525,0.1725,7-9,3%-4%,1%-2%,0.4-0.8
34.2575,0.1725,0-3,3%-4%,2%-3%,0.0-0.4
34.2625,0.1725,0-3,1%-2%,0%-1%,0.0-0.4
34.2675,0.1725,0-3,2%-3%,1%-2%,0.4-0.8
34.2725,0.1725,0-3,2%-3%,1%-2%,0.4-0.8
34.2775,0.1725,0-3,1%-2%,0%-1%,0.0-0.4
34.2825,0.1725,0-3,1%-2%,1%-2%,0.0-0.4
34.2875,0.1725,0-3,1%-2%,0%-1%,0.0-0.4
34.3175,0.1725,0-3,2%-3%,1%-2%,0.4-0.8
34.3225,0.1725,0-3,1%-2%,0%-1%,0.4-0.8
34.3275,0.1725,7-9,1%-2%,1%-2%,0.0-0.4
34.3325,0.1725,7-9,2%-3%,1%-2%,0.0-0.4
34.3375,0.1725,13-,1%-2%,1%-2%,0.0-0.4
34.3425,0.1725,0-3,0%-1%,0%-1%,0.0-0.4
34.3475,0.1725,7-9,0%-1%,0%-1%,0.0-0.4
34.3525,0.1725,7-9,0%-1%,0%-1%,0.0-0.4
34.3575,0.1725,4-6,0%-1%,0%-1%,0.0-0.4
34.3625,0.1725,7-9,1%-2%,0%-1%,0.0-0.4
34.3675,0.1725,0-3,0%-1%,0%-1%,0.0-0.4
34.3725,0.1725,0-3,1%-2%,0%-1%,0.0-0.4
34.3775,0.1725,7-9,0%-1%,0%-1%,0.0-0.4
34.3825,0.1725,7-9,1%-2%,1%-2%,0.0-0.4
34.3875,0.1725,0-3,0%-1%,0%-1%,0.0-0.4
34.3925,0.1725,0-3,1%-2%,1%-2%,0.0-0.4
34.3975,0.1725,0-3,1%-2%,1%-2%,0.0-0.4
34.4025,0.1725,0-3,1%-2%,1%-2%,0.0-0.4
34.4075,0.1725,10-12,1%-2%,1%-2%,0.0-0.4
34.4125,0.1725,0-3,1%-2%,0%-1%,0.0-0.4
34.4175,0.1725,0-3,1%-2%,1%-2%,0.0-0.4
34.4225,0.1725,0-3,1%-2%,1%-2%,0.0-0.4
34.4275,0.1725,0-3,1%-2%,0%-1%,0.0-0.4
34.4325,0.1725,0-3,1%-2%,1%-2%,0.0-0.4
34.1125,0.1775,0-3,0%-1%,0%-1%,0.0-0.4
34.1175,0.1775,0-3,0%-1%,0%-1%,0.0-0.4
34.1225,0.1775,0-3,0%-1%,0%-1%,0.0-0.4
34.1275,0.1775,0-3,0%-1%,0%-1%,0.0-0.4
34.1325,0.1775,0-3,0%-1%,0%-1%,0.0-0.4
34.1375,0.1775,0-3,1%-2%,0%-1%,0.0-0.4
34.1425,0.1775,0-3,1%-2%,0%-1%,0.0-0.4
34.1475,0.1775,0-3,2%-3%,1%-2%,0.0-0.4
34.1525,0.1775,0-3,0%-1%,0%-1%,0.0-0.4
34.1575,0.1775,4-6,1%-2%,0%-1%,0.0-0.4
34.1625,0.1775,0-3,0%-1%,0%-1%,0.0-0.4
34.1675,0.1775,4-6,3%-4%,2%-3%,0.0-0.4
34.1725,0.1775,0-3,2%-3%,1%-2%,0.0-0.4
34.1775,0.1775,0-3,3%-4%,2%-3%,0.0-0.4
34.1825,0.1775,0-3,2%-3%,1%-2%,0.0-0.4
34.1875,0.1775,4-6,2%-3%,1%-2%,0.0-0.4
34.1925,0.1775,10-12,1%-2%,1%-2%,0.0-0.4
34.1975,0.1775,0-3,1%-2%,0%-1%,0.0-0.4
34.2025,0.1775,0-3,2%-3%,1%-2%,0.0-0.4
34.2075,0.1775,0-3,3%-4%,1%-2%,0.0-0.4
34.2125,0.1775,4-6,3%-4%,1%-2%,0.0-0.4
34.2175,0.1775,7-9,2%-3%,1%-2%,0.0-0.4
34.2225,0.1775,7-9,2%-3%,1%-2%,0.0-0.4
34.2275,0.1775,0-3,1%-2%,0%-1%,0.0-0.4
34.2325,0.1775,4-6,2%-3%,1%-2%,0.8-1.2
34.2375,0.1775,7-9,1%-2%,0%-1%,0.4-0.8
34.2425,0.1775,0-3,1%-2%,0%-1%,0.0-0.4
34.2475,0.1775,10-12,2%-3%,1%-2%,0.0-0.4
34.2525,0.1775,7-9,2%-3%,1%-2%,0.0-0.4
34.2575,0.1775,4-6,1%-2%,0%-1%,0.0-0.4
34.2625,0.1775,0-3,2%-3%,1%-2%,0.0-0.4
34.2675,0.1775,0-3,3%-4%,1%-2%,0.4-0.8
34.2725,0.1775,0-3,3%-4%,1%-2%,0.4-0.8
34.2825,0.1775,0-3,2%-3%,1%-2%,0.8-1.2
34.2875,0.1775,0-3,3%-4%,1%-2%,0.8-1.2
34.2925,0.1775,0-3,3%-4%,2%-3%,0.8-1.2
34.3175,0.1775,0-3,2%-3%,1%-2%,0.4-0.8
34.3225,0.1775,0-3,1%-2%,0%-1%,0.4-0.8
34.3275,0.1775,0-3,1%-2%,0%-1%,0.4-0.8
34.3325,0.1775,7-9,1%-2%,1%-2%,0.4-0.8
34.3375,0.1775,10-12,1%-2%,1%-2%,0.0-0.4
34.3475,0.1775,10-12,1%-2%,0%-1%,0.0-0.4
34.3525,0.1775,4-6,1%-2%,0%-1%,0.0-0.4
34.3575,0.1775,13-,1%-2%,1%-2%,0.0-0.4
34.3625,0.1775,13-,1%-2%,1%-2%,0.0-0.4
34.3675,0.1775,7-9,1%-2%,0%-1%,0.0-0.4
34.3725,0.1775,0-3,1%-2%,0%-1%,0.0-0.4
34.3775,0.1775,0-3,0%-1%,0%-1%,0.0-0.4
34.3825,0.1775,0-3,0%-1%,0%-1%,0.0-0.4
34.3875,0.1775,0-3,0%-1%,0%-1%,0.0-0.4
34.3925,0.1775,0-3,0%-1%,0%-1%,0.0-0.4
34.3975,0.1775,0-3,0%-1%,0%-1%,0.0-0.4
34.4025,0.1775,0-3,0%-1%,0%-1%,0.0-0.4
34.4075,0.1775,4-6,0%-1%,0%-1%,0.0-0.4
34.4125,0.1775,4-6,1%-2%,1%-2%,0.0-0.4
34.4175,0.1775,0-3,1%-2%,1%-2%,0.0-0.4
34.4225,0.1775,0-3,1%-2%,0%-1%,0.0-0.4
34.4275,0.1775,0-3,0%-1%,0%-1%,0.0-0.4
34.1075,0.1825,0-3,0%-1%,0%-1%,0.0-0.4
34.1125,0.1825,0-3,0%-1%,0%-1%,0.0-0.4
34.1175,0.1825,0-3,1%-2%,0%-1%,0.0-0.4
34.1225,0.1825,0-3,0%-1%,0%-1%,0.0-0.4
34.1275,0.1825,0-3,0%-1%,0%-1%,0.0-0.4
34.1375,0.1825,0-3,0%-1%,0%-1%,0.0-0.4
34.1425,0.1825,0-3,1%-2%,0%-1%,0.0-0.4
34.1475,0.1825,0-3,0%-1%,0%-1%,0.0-0.4
34.1525,0.1825,0-3,0%-1%,0%-1%,0.0-0.4
34.1575,0.1825,4-6,0%-1%,0%-1%,0.0-0.4
34.1625,0.1825,0-3,1%-2%,0%-1%,0.0-0.4
34.1675,0.1825,0-3,1%-2%,0%-1%,0.0-0.4
34.1725,0.1825,0-3,1%-2%,0%-1%,0.0-0.4
34.1775,0.1825,0-3,2%-3%,0%-1%,0.0-0.4
34.1825,0.1825,0-3,3%-4%,1%-2%,0.0-0.4
34.1875,0.1825,4-6,2%-3%,1%-2%,0.0-0.4
34.1925,0.1825,0-3,2%-3%,1%-2%,0.0-0.4
34.1975,0.1825,0-3,0%-1%,0%-1%,0.0-0.4
34.2025,0.1825,0-3,2%-3%,1%-2%,0.0-0.4
34.2075,0.1825,0-3,2%-3%,1%-2%,0.4-0.8
34.2125,0.1825,4-6,2%-3%,1%-2%,0.0-0.4
34.2175,0.1825,10-12,3%-4%,1%-2%,0.0-0.4
34.2225,0.1825,13-,2%-3%,2%-3%,0.0-0.4
34.2275,0.1825,0-3,0%-1%,0%-1%,0.0-0.4
34.2325,0.1825,0-3,2%-3%,1%-2%,0.0-0.4
34.2375,0.1825,0-3,0%-1%,0%-1%,0.0-0.4
34.2425,0.1825,0-3,1%-2%,0%-1%,0.0-0.4
34.2475,0.1825,0-3,0%-1%,0%-1%,0.0-0.4
34.3175,0.1825,0-3,1%-2%,1%-2%,0.4-0.8
34.3225,0.1825,0-3,2%-3%,1%-2%,0.4-0.8
34.3275,0.1825,0-3,3%-4%,2%-3%,0.4-0.8
34.3325,0.1825,0-3,3%-4%,1%-2%,0.4-0.8
34.3375,0.1825,0-3,1%-2%,1%-2%,0.0-0.4
34.3425,0.1825,0-3,0%-1%,0%-1%,0.0-0.4
34.3475,0.1825,10-12,1%-2%,1%-2%,0.0-0.4
34.3525,0.1825,13-,1%-2%,1%-2%,0.0-0.4
34.3575,0.1825,13-,2%-3%,1%-2%,0.0-0.4
34.3625,0.1825,13-,2%-3%,1%-2%,0.0-0.4
34.3675,0.1825,4-6,1%-2%,0%-1%,0.0-0.4
34.3725,0.1825,4-6,2%-3%,1%-2%,0.0-0.4
34.3775,0.1825,0-3,1%-2%,0%-1%,0.0-0.4
34.3825,0.1825,7-9,1%-2%,0%-1%,0.0-0.4
34.3875,0.1825,4-6,1%-2%,0%-1%,0.0-0.4
34.4025,0.1825,4-6,0%-1%,0%-1%,0.0-0.4
34.4075,0.1825,10-12,1%-2%,0%-1%,0.0-0.4
34.4125,0.1825,7-9,1%-2%,0%-1%,0.0-0.4
34.4175,0.1825,0-3,2%-3%,1%-2%,0.0-0.4
34.4225,0.1825,0-3,1%-2%,0%-1%,0.0-0.4
34.1075,0.1875,0-3,0%-1%,0%-1%,0.0-0.4
34.1125,0.1875,0-3,1%-2%,0%-1%,0.0-0.4
34.1175,0.1875,0-3,1%-2%,0%-1%,0.0-0.4
34.1275,0.1875,0-3,0%-1%,0%-1%,0.0-0.4
34.1375,0.1875,0-3,0%-1%,0%-1%,0.0-0.4
34.1425,0.1875,0-3,1%-2%,0%-1%,0.0-0.4
34.1475,0.1875,4-6,0%-1%,0%-1%,0.0-0.4
34.1525,0.1875,4-6,1%-2%,1%-2%,0.0-0.4
34.1575,0.1875,0-3,0%-1%,0%-1%,0.0-0.4
34.1625,0.1875,0-3,2%-3%,1%-2%,0.0-0.4
34.1675,0.1875,7-9,1%-2%,0%-1%,0.0-0.4
34.1725,0.1875,0-3,0%-1%,0%-1%,0.0-0.4
34.1775,0.1875,4-6,3%-4%,1%-2%,0.0-0.4
34.1825,0.1875,0-3,2%-3%,0%-1%,0.0-0.4
34.1875,0.1875,0-3,3%-4%,2%-3%,0.0-0.4
34.1925,0.1875,0-3,3%-4%,1%-2%,0.0-0.4
34.1975,0.1875,0-3,1%-2%,0%-1%,0.0-0.4
34.2025,0.1875,10-12,1%-2%,0%-1%,0.0-0.4
34.2075,0.1875,4-6,2%-3%,1%-2%,0.0-0.4
34.2125,0.1875,10-12,2%-3%,1%-2%,0.0-0.4
34.2175,0.1875,7-9,2%-3%,1%-2%,0.0-0.4
34.2225,0.1875,4-6,1%-2%,0%-1%,0.0-0.4
34.2275,0.1875,0-3,0%-1%,0%-1%,0.0-0.4
34.2325,0.1875,0-3,0%-1%,0%-1%,0.0-0.4
34.2375,0.1875,7-9,1%-2%,0%-1%,0.0-0.4
34.2425,0.1875,0-3,0%-1%,0%-1%,0.0-0.4
34.2475,0.1875,0-3,1%-2%,0%-1%,0.0-0.4
34.2525,0.1875,0-3,1%-2%,0%-1%,0.0-0.4
34.3225,0.1875,0-3,2%-3%,1%-2%,0.4-0.8
34.3275,0.1875,0-3,2%-3%,1%-2%,0.4-0.8
34.3325,0.1875,0-3,3%-4%,1%-2%,0.4-0.8
34.3375,0.1875,0-3,1%-2%,0%-1%,0.4-0.8
34.3425,0.1875,0-3,0%-1%,0%-1%,0.0-0.4
34.3475,0.1875,0-3,1%-2%,0%-1%,0.0-0.4
34.3525,0.1875,0-3,2%-3%,1%-2%,0.0-0.4
34.3575,0.1875,4-6,2%-3%,1%-2%,0.0-0.4
34.3625,0.1875,0-3,2%-3%,1%-2%,0.0-0.4
34.3675,0.1875,7-9,2%-3%,1%-2%,0.0-0.4
34.3725,0.1875,10-12,1%-2%,0%-1%,0.0-0.4
34.3775,0.1875,10-12,1%-2%,0%-1%,0.0-0.4
34.3825,0.1875,7-9,1%-2%,0%-1%,0.0-0.4
34.3875,0.1875,0-3,0%-1%,0%-1%,0.0-0.4
34.4075,0.1875,0-3,0%-1%,0%-1%,0.0-0.4
34.4125,0.1875,0-3,0%-1%,0%-1%,0.0-0.4
34.4175,0.1875,0-3,0%-1%,0%-1%,0.0-0.4
34.4225,0.1875,0-3,1%-2%,0%-1%,0.0-0.4
34.4275,0.1875,0-3,0%-1%,0%-1%,0.0-0.4
34.1125,0.1925,0-3,1%-2%,0%-1%,0.0-0.4
34.1175,0.1925,0-3,1%-2%,0%-1%,0.0-0.4
34.1225,0.1925,0-3,1%-2%,1%-2%,0.0-0.4
34.1275,0.1925,0-3,1%-2%,0%-1%,0.0-0.4
34.1325,0.1925,4-6,2%-3%,1%-2%,0.0-0.4
34.1375,0.1925,0-3,0%-1%,0%-1%,0.0-0.4
34.1425,0.1925,0-3,1%-2%,0%-1%,0.0-0.4
34.1475,0.1925,7-9,1%-2%,0%-1%,0.0-0.4
34.1525,0.1925,4-6,0%-1%,0%-1%,0.0-0.4
34.1575,0.1925,0-3,0%-1%,0%-1%,0.0-0.4
34.1625,0.1925,0-3,1%-2%,1%-2%,0.0-0.4
34.1725,0.1925,0-3,0%-1%,0%-1%,0.0-0.4
34.1825,0.1925,0-3,3%-4%,1%-2%,0.4-0.8
34.2025,0.1925,7-9,1%-2%,0%-1%,0.0-0.4
34.2075,0.1925,13-,1%-2%,1%-2%,0.0-0.4
34.2125,0.1925,4-6,2%-3%,0%-1%,0.0-0.4
34.2175,0.1925,13-,2%-3%,1%-2%,0.0-0.4
34.2225,0.1925,4-6,1%-2%,0%-1%,0.0-0.4
34.2275,0.1925,13-,1%-2%,1%-2%,0.0-0.4
34.2325,0.1925,13-,1%-2%,0%-1%,0.0-0.4
34.2375,0.1925,0-3,0%-1%,0%-1%,0.0-0.4
34.2425,0.1925,0-3,0%-1%,0%-1%,0.0-0.4
34.2475,0.1925,0-3,2%-3%,1%-2%,0.0-0.4
34.2525,0.1925,0-3,1%-2%,1%-2%,0.0-0.4
34.2575,0.1925,0-3,0%-1%,0%-1%,0.0-0.4
34.2625,0.1925,0-3,1%-2%,0%-1%,0.0-0.4
34.3225,0.1925,0-3,1%-2%,1%-2%,0.4-0.8
34.3275,0.1925,0-3,1%-2%,0%-1%,0.4-0.8
34.3325,0.1925,4-6,1%-2%,0%-1%,0.4-0.8
34.3375,0.1925,4-6,2%-3%,1%-2%,0.4-0.8
34.3425,0.1925,0-3,2%-3%,1%-2%,0.0-0.4
34.3475,0.1925,0-3,2%-3%,1%-2%,0.0-0.4
34.3575,0.1925,0-3,1%-2%,0%-1%,0.0-0.4
34.3625,0.1925,0-3,1%-2%,0%-1%,0.0-0.4
34.3675,0.1925,4-6,2%-3%,1%-2%,0.0-0.4
34.3725,0.1925,4-6,1%-2%,0%-1%,0.0-0.4
34.3775,0.1925,13-,1%-2%,0%-1%,0.0-0.4
34.3825,0.1925,7-9,1%-2%,1%-2%,0.0-0.4
34.3875,0.1925,13-,0%-1%,0%-1%,0.0-0.4
34.3925,0.1925,0-3,0%-1%,0%-1%,0.0-0.4
34.4075,0.1925,0-3,0%-1%,0%-1%,0.0-0.4
34.4125,0.1925,0-3,1%-2%,0%-1%,0.0-0.4
34.4175,0.1925,0-3,1%-2%,0%-1%,0.0-0.4
34.4225,0.1925,4-6,1%-2%,0%-1%,0.0-0.4
34.4275,0.1925,0-3,0%-1%,0%-1%,0.0-0.4
34.4325,0.1925,0-3,0%-1%,0%-1%,0.0-0.4
34.1175,0.1975,0-3,1%-2%,1%-2%,0.4-0.8
34.1225,0.1975,0-3,2%-3%,1%-2%,0.0-0.4
34.1275,0.1975,0-3,1%-2%,0%-1%,0.0-0.4
34.1325,0.1975,0-3,1%-2%,0%-1%,0.0-0.4
34.1375,0.1975,4-6,1%-2%,0%-1%,0.0-0.4
34.1425,0.1975,4-6,1%-2%,0%-1%,0.0-0.4
34.1475,0.1975,7-9,1%-2%,0%-1%,0.0-0.4
34.1525,0.1975,0-3,0%-1%,0%-1%,0.0-0.4
34.1575,0.1975,10-12,1%-2%,0%-1%,0.0-0.4
34.1625,0.1975,4-6,1%-2%,0%-1%,0.0-0.4
34.1675,0.1975,0-3,1%-2%,0%-1%,0.0-0.4
34.1725,0.1975,7-9,0%-1%,0%-1%,0.0-0.4
34.1775,0.1975,0-3,1%-2%,0%-1%,0.0-0.4
34.1825,0.1975,4-6,3%-4%,2%-3%,0.8-1.2
34.1975,0.1975,4-6,2%-3%,0%-1%,0.0-0.4
34.2025,0.1975,4-6,0%-1%,0%-1%,0.0-0.4
34.2075,0.1975,10-12,2%-3%,1%-2%,0.0-0.4
34.2125,0.1975,4-6,2%-3%,1%-2%,0.0-0.4
34.2175,0.1975,0-3,1%-2%,1%-2%,0.0-0.4
34.2225,0.1975,4-6,1%-2%,1%-2%,0.0-0.4
34.2275,0.1975,7-9,2%-3%,1%-2%,0.0-0.4
34.2325,0.1975,0-3,1%-2%,0%-1%,0.0-0.4
34.2375,0.1975,0-3,1%-2%,0%-1%,0.0-0.4
34.2425,0.1975,0-3,1%-2%,0%-1%,0.0-0.4
34.2475,0.1975,7-9,1%-2%,1%-2%,0.0-0.4
34.2525,0.1975,10-12,2%-3%,1%-2%,0.0-0.4
34.2575,0.1975,13-,1%-2%,1%-2%,0.0-0.4
34.2625,0.1975,7-9,1%-2%,1%-2%,0.0-0.4
34.2675,0.1975,0-3,2%-3%,1%-2%,0.0-0.4
34.2725,0.1975,0-3,1%-2%,0%-1%,0.4-0.8
34.3125,0.1975,0-3,0%-1%,0%-1%,0.4-0.8
34.3225,0.1975,0-3,0%-1%,0%-1%,0.0-0.4
34.3275,0.1975,0-3,0%-1%,0%-1%,0.0-0.4
34.3325,0.1975,4-6,1%-2%,0%-1%,0.0-0.4
34.3375,0.1975,0-3,1%-2%,0%-1%,0.4-0.8
34.3675,0.1975,7-9,2%-3%,1%-2%,0.0-0.4
34.3725,0.1975,0-3,2%-3%,1%-2%,0.0-0.4
34.3775,0.1975,0-3,2%-3%,1%-2%,0.0-0.4
34.3825,0.1975,0-3,1%-2%,0%-1%,0.0-0.4
34.3875,0.1975,4-6,1%-2%,1%-2%,0.0-0.4
34.4125,0.1975,0-3,0%-1%,0%-1%,0.0-0.4
34.4175,0.1975,0-3,0%-1%,0%-1%,0.0-0.4
34.4225,0.1975,7-9,0%-1%,0%-1%,0.0-0.4
34.4275,0.1975,13-,1%-2%,0%-1%,0.0-0.4
34.4325,0.1975,7-9,0%-1%,0%-1%,0.0-0.4
34.1125,0.2025,7-9,1%-2%,0%-1%,0.0-0.4
34.1175,0.2025,4-6,1%-2%,0%-1%,0.4-0.8
34.1225,0.2025,4-6,2%-3%,1%-2%,0.4-0.8
34.1275,0.2025,4-6,1%-2%,0%-1%,0.0-0.4
34.1325,0.2025,4-6,1%-2%,0%-1%,0.0-0.4
34.1375,0.2025,13-,1%-2%,0%-1%,0.0-0.4
34.1425,0.2025,10-12,1%-2%,0%-1%,0.0-0.4
34.1475,0.2025,13-,1%-2%,0%-1%,0.0-0.4
34.1525,0.2025,0-3,0%-1%,0%-1%,0.0-0.4
34.1575,0.2025,0-3,1%-2%,0%-1%,0.0-0.4
34.1625,0.2025,4-6,1%-2%,0%-1%,0.0-0.4
34.1675,0.2025,7-9,1%-2%,0%-1%,0.0-0.4
34.1725,0.2025,4-6,0%-1%,0%-1%,0.0-0.4
34.1975,0.2025,4-6,2%-3%,1%-2%,0.0-0.4
34.2025,0.2025,0-3,1%-2%,0%-1%,0.0-0.4
34.2075,0.2025,10-12,2%-3%,1%-2%,0.0-0.4
34.2125,0.2025,10-12,2%-3%,1%-2%,0.0-0.4
34.2175,0.2025,13-,2%-3%,1%-2%,0.0-0.4
34.2225,0.2025,0-3,1%-2%,0%-1%,0.0-0.4
34.2275,0.2025,0-3,2%-3%,1%-2%,0.0-0.4
34.2325,0.2025,0-3,1%-2%,0%-1%,0.0-0.4
34.2375,0.2025,0-3,1%-2%,0%-1%,0.0-0.4
34.2425,0.2025,0-3,1%-2%,0%-1%,0.0-0.4
34.2475,0.2025,13-,2%-3%,1%-2%,0.0-0.4
34.2525,0.2025,13-,3%-4%,2%-3%,0.0-0.4
34.2575,0.2025,10-12,2%-3%,1%-2%,0.0-0.4
34.2625,0.2025,7-9,1%-2%,0%-1%,0.0-0.4
34.2675,0.2025,0-3,2%-3%,1%-2%,0.4-0.8
34.2725,0.2025,0-3,2%-3%,1%-2%,0.4-0.8
34.2775,0.2025,0-3,0%-1%,0%-1%,0.4-0.8
34.2825,0.2025,0-3,1%-2%,0%-1%,0.0-0.4
34.2875,0.2025,0-3,1%-2%,0%-1%,0.0-0.4
34.2975,0.2025,0-3,0%-1%,0%-1%,0.0-0.4
34.3025,0.2025,7-9,1%-2%,0%-1%,0.0-0.4
34.3075,0.2025,4-6,1%-2%,0%-1%,0.0-0.4
34.3125,0.2025,13-,1%-2%,0%-1%,0.0-0.4
34.3175,0.2025,7-9,1%-2%,0%-1%,0.0-0.4
34.3225,0.2025,0-3,0%-1%,0%-1%,0.0-0.4
34.3275,0.2025,0-3,1%-2%,1%-2%,0.0-0.4
34.3325,0.2025,4-6,1%-2%,0%-1%,0.0-0.4
34.3375,0.2025,0-3,1%-2%,0%-1%,0.0-0.4
34.3425,0.2025,4-6,1%-2%,0%-1%,0.0-0.4
34.3475,0.2025,4-6,2%-3%,1%-2%,0.4-0.8
34.3775,0.2025,0-3,1%-2%,0%-1%,0.4-0.8
34.3825,0.2025,0-3,1%-2%,1%-2%,0.0-0.4
34.3875,0.2025,4-6,1%-2%,1%-2%,0.4-0.8
34.3925,0.2025,0-3,0%-1%,0%-1%,0.4-0.8
34.4275,0.2025,0-3,1%-2%,0%-1%,0.0-0.4
34.4325,0.2025,7-9,1%-2%,0%-1%,0.0-0.4
34.4375,0.2025,4-6,0%-1%,0%-1%,0.0-0.4
34.4425,0.2025,7-9,0%-1%,0%-1%,0.0-0.4
34.4475,0.2025,7-9,0%-1%,0%-1%,0.0-0.4
34.1125,0.2075,4-6,1%-2%,0%-1%,0.0-0.4
34.1175,0.2075,13-,1%-2%,1%-2%,0.0-0.4
34.1275,0.2075,0-3,1%-2%,0%-1%,0.0-0.4
34.1325,0.2075,0-3,0%-1%,0%-1%,0.0-0.4
34.1375,0.2075,0-3,0%-1%,0%-1%,0.0-0.4
34.1425,0.2075,0-3,1%-2%,0%-1%,0.0-0.4
34.1475,0.2075,4-6,1%-2%,0%-1%,0.0-0.4
34.1525,0.2075,4-6,0%-1%,0%-1%,0.0-0.4
34.1575,0.2075,4-6,0%-1%,0%-1%,0.0-0.4
34.1625,0.2075,7-9,2%-3%,1%-2%,0.0-0.4
34.1675,0.2075,13-,2%-3%,1%-2%,0.0-0.4
34.1725,0.2075,13-,1%-2%,1%-2%,0.0-0.4
34.2025,0.2075,0-3,1%-2%,0%-1%,0.0-0.4
34.2075,0.2075,0-3,0%-1%,0%-1%,0.0-0.4
34.2125,0.2075,10-12,2%-3%,1%-2%,0.0-0.4
34.2175,0.2075,0-3,3%-4%,2%-3%,0.0-0.4
34.2225,0.2075,0-3,2%-3%,1%-2%,0.0-0.4
34.2275,0.2075,0-3,1%-2%,1%-2%,0.0-0.4
34.2325,0.2075,0-3,1%-2%,0%-1%,0.0-0.4
34.2375,0.2075,0-3,1%-2%,0%-1%,0.0-0.4
34.2425,0.2075,0-3,1%-2%,1%-2%,0.0-0.4
34.2475,0.2075,0-3,1%-2%,0%-1%,0.0-0.4
34.2525,0.2075,4-6,1%-2%,0%-1%,0.0-0.4
34.2575,0.2075,7-9,3%-4%,2%-3%,0.0-0.4
34.2625,0.2075,7-9,2%-3%,1%-2%,0.0-0.4
34.2675,0.2075,0-3,2%-3%,1%-2%,0.4-0.8
34.2725,0.2075,0-3,1%-2%,1%-2%,0.4-0.8
34.2775,0.2075,4-6,1%-2%,0%-1%,0.0-0.4
34.2825,0.2075,0-3,0%-1%,0%-1%,0.0-0.4
34.2875,0.2075,0-3,1%-2%,0%-1%,0.0-0.4
34.2925,0.2075,13-,1%-2%,1%-2%,0.0-0.4
34.2975,0.2075,13-,3%-4%,2%-3%,0.4-0.8
34.3025,0.2075,13-,3%-4%,2%-3%,0.8-1.2
34.3075,0.2075,7-9,2%-3%,1%-2%,0.4-0.8
34.3125,0.2075,13-,3%-4%,2%-3%,0.0-0.4
34.3175,0.2075,7-9,2%-3%,1%-2%,0.0-0.4
34.3225,0.2075,0-3,1%-2%,0%-1%,0.0-0.4
34.3275,0.2075,0-3,1%-2%,1%-2%,0.0-0.4
34.3325,0.2075,4-6,1%-2%,1%-2%,0.0-0.4
34.3375,0.2075,4-6,2%-3%,1%-2%,0.0-0.4
34.3425,0.2075,10-12,2%-3%,1%-2%,0.0-0.4
34.3475,0.2075,4-6,2%-3%,1%-2%,0.4-0.8
34.3575,0.2075,0-3,2%-3%,1%-2%,0.8-1.2
34.3775,0.2075,7-9,1%-2%,0%-1%,0.4-0.8
34.3825,0.2075,7-9,1%-2%,1%-2%,0.0-0.4
34.3875,0.2075,0-3,0%-1%,0%-1%,0.4-0.8
34.4275,0.2075,0-3,0%-1%,0%-1%,0.0-0.4
34.4325,0.2075,4-6,1%-2%,1%-2%,0.0-0.4
34.4375,0.2075,4-6,1%-2%,1%-2%,0.0-0.4
34.4425,0.2075,13-,1%-2%,0%-1%,0.0-0.4
34.4475,0.2075,10-12,0%-1%,0%-1%,0.0-0.4
34.1175,0.2125,4-6,0%-1%,0%-1%,0.0-0.4
34.1225,0.2125,4-6,1%-2%,0%-1%,0.0-0.4
34.1275,0.2125,0-3,0%-1%,0%-1%,0.0-0.4
34.1325,0.2125,0-3,1%-2%,0%-1%,0.0-0.4
34.1375,0.2125,0-3,0%-1%,0%-1%,0.0-0.4
34.1425,0.2125,0-3,1%-2%,0%-1%,0.0-0.4
34.1475,0.2125,0-3,1%-2%,0%-1%,0.0-0.4
34.1525,0.2125,7-9,1%-2%,1%-2%,0.0-0.4
34.1625,0.2125,10-12,1%-2%,1%-2%,0.0-0.4
34.1675,0.2125,4-6,1%-2%,1%-2%,0.0-0.4
34.1725,0.2125,7-9,1%-2%,0%-1%,0.0-0.4
34.1975,0.2125,0-3,2%-3%,1%-2%,0.0-0.4
34.2025,0.2125,0-3,2%-3%,1%-2%,0.0-0.4
34.2075,0.2125,0-3,2%-3%,1%-2%,0.0-0.4
34.2125,0.2125,13-,1%-2%,0%-1%,0.0-0.4
34.2175,0.2125,7-9,1%-2%,0%-1%,0.0-0.4
34.2225,0.2125,4-6,1%-2%,0%-1%,0.0-0.4
34.2275,0.2125,4-6,1%-2%,1%-2%,0.0-0.4
34.2325,0.2125,7-9,1%-2%,0%-1%,0.0-0.4
34.2375,0.2125,0-3,1%-2%,0%-1%,0.0-0.4
34.2425,0.2125,0-3,2%-3%,1%-2%,0.0-0.4
34.2475,0.2125,0-3,2%-3%,1%-2%,0.0-0.4
34.2525,0.2125,4-6,1%-2%,1%-2%,0.0-0.4
34.2575,0.2125,0-3,2%-3%,1%-2%,0.0-0.4
34.2625,0.2125,13-,3%-4%,2%-3%,0.4-0.8
34.2675,0.2125,0-3,3%-4%,2%-3%,0.4-0.8
34.2725,0.2125,0-3,2%-3%,1%-2%,0.4-0.8
34.2775,0.2125,13-,2%-3%,1%-2%,0.0-0.4
34.2825,0.2125,10-12,1%-2%,0%-1%,0.0-0.4
34.2875,0.2125,13-,1%-2%,0%-1%,0.0-0.4
34.2925,0.2125,0-3,0%-1%,0%-1%,0.4-0.8
34.2975,0.2125,10-12,1%-2%,0%-1%,0.8-1.2
34.3025,0.2125,13-,2%-3%,1%-2%,0.8-1.2
34.3075,0.2125,7-9,2%-3%,1%-2%,0.4-0.8
34.3125,0.2125,0-3,2%-3%,1%-2%,0.0-0.4
34.3175,0.2125,4-6,1%-2%,0%-1%,0.0-0.4
34.3225,0.2125,0-3,0%-1%,0%-1%,0.0-0.4
34.3275,0.2125,4-6,0%-1%,0%-1%,0.0-0.4
34.3325,0.2125,7-9,1%-2%,1%-2%,0.0-0.4
34.3375,0.2125,10-12,1%-2%,0%-1%,0.0-0.4
34.3425,0.2125,7-9,1%-2%,0%-1%,0.0-0.4
34.3475,0.2125,0-3,2%-3%,1%-2%,0.4-0.8
34.3575,0.2125,0-3,2%-3%,1%-2%,0.0-0.4
34.3625,0.2125,0-3,1%-2%,1%-2%,0.0-0.4
34.3675,0.2125,0-3,0%-1%,0%-1%,0.0-0.4
34.3725,0.2125,10-12,2%-3%,1%-2%,0.0-0.4
34.3775,0.2125,0-3,1%-2%,0%-1%,0.4-0.8
34.3825,0.2125,0-3,1%-2%,1%-2%,0.0-0.4
34.3875,0.2125,0-3,0%-1%,0%-1%,0.0-0.4
34.3925,0.2125,0-3,0%-1%,0%-1%,0.0-0.4
34.4325,0.2125,0-3,0%-1%,0%-1%,0.0-0.4
34.4375,0.2125,0-3,1%-2%,0%-1%,0.0-0.4
34.4425,0.2125,0-3,1%-2%,0%-1%,0.0-0.4
34.4475,0.2125,4-6,1%-2%,1%-2%,0.0-0.4
34.1175,0.2175,0-3,0%-1%,0%-1%,0.0-0.4
34.1225,0.2175,0-3,1%-2%,1%-2%,0.0-0.4
34.1275,0.2175,0-3,1%-2%,1%-2%,0.0-0.4
34.1325,0.2175,0-3,1%-2%,0%-1%,0.0-0.4
34.1375,0.2175,0-3,1%-2%,1%-2%,0.0-0.4
34.1425,0.2175,0-3,1%-2%,1%-2%,0.0-0.4
34.1475,0.2175,0-3,1%-2%,0%-1%,0.0-0.4
34.1525,0.2175,0-3,1%-2%,0%-1%,0.0-0.4
34.1575,0.2175,0-3,1%-2%,0%-1%,0.0-0.4
34.1625,0.2175,0-3,1%-2%,1%-2%,0.0-0.4
34.1675,0.2175,4-6,1%-2%,0%-1%,0.0-0.4
34.1725,0.2175,4-6,0%-1%,0%-1%,0.0-0.4
34.1925,0.2175,0-3,1%-2%,0%-1%,0.0-0.4
34.1975,0.2175,0-3,1%-2%,0%-1%,0.0-0.4
34.2025,0.2175,0-3,2%-3%,1%-2%,0.0-0.4
34.2075,0.2175,4-6,2%-3%,1%-2%,0.0-0.4
34.2125,0.2175,7-9,0%-1%,0%-1%,0.0-0.4
34.2175,0.2175,4-6,1%-2%,1%-2%,0.0-0.4
34.2225,0.2175,4-6,2%-3%,1%-2%,0.0-0.4
34.2275,0.2175,13-,2%-3%,1%-2%,0.0-0.4
34.2325,0.2175,4-6,1%-2%,1%-2%,0.0-0.4
34.2375,0.2175,0-3,1%-2%,0%-1%,0.0-0.4
34.2475,0.2175,4-6,1%-2%,0%-1%,0.0-0.4
34.2525,0.2175,4-6,1%-2%,0%-1%,0.4-0.8
34.2575,0.2175,0-3,2%-3%,1%-2%,0.4-0.8
34.2625,0.2175,0-3,3%-4%,2%-3%,0.8-1.2
34.2675,0.2175,10-12,3%-4%,2%-3%,0.4-0.8
34.2725,0.2175,0-3,2%-3%,1%-2%,0.4-0.8
34.2775,0.2175,10-12,2%-3%,1%-2%,0.0-0.4
34.2825,0.2175,0-3,0%-1%,0%-1%,0.0-0.4
34.2875,0.2175,0-3,0%-1%,0%-1%,0.0-0.4
34.2925,0.2175,0-3,0%-1%,0%-1%,0.0-0.4
34.2975,0.2175,0-3,2%-3%,1%-2%,0.4-0.8
34.3025,0.2175,0-3,2%-3%,1%-2%,0.8-1.2
34.3075,0.2175,7-9,2%-3%,1%-2%,0.0-0.4
34.3125,0.2175,13-,2%-3%,1%-2%,0.0-0.4
34.3175,0.2175,7-9,1%-2%,0%-1%,0.0-0.4
34.3225,0.2175,13-,1%-2%,1%-2%,0.0-0.4
34.3275,0.2175,7-9,1%-2%,1%-2%,0.0-0.4
34.3325,0.2175,13-,2%-3%,1%-2%,0.0-0.4
34.3375,0.2175,13-,1%-2%,0%-1%,0.0-0.4
34.3425,0.2175,7-9,1%-2%,1%-2%,0.0-0.4
34.3475,0.2175,0-3,1%-2%,0%-1%,0.0-0.4
34.3525,0.2175,10-12,1%-2%,0%-1%,0.0-0.4
34.3575,0.2175,0-3,0%-1%,0%-1%,0.0-0.4
34.3625,0.2175,0-3,1%-2%,1%-2%,0.0-0.4
34.3675,0.2175,4-6,1%-2%,0%-1%,0.0-0.4
34.3725,0.2175,10-12,2%-3%,1%-2%,0.0-0.4
34.3775,0.2175,10-12,2%-3%,1%-2%,0.0-0.4
34.3825,0.2175,0-3,1%-2%,0%-1%,0.0-0.4
34.3875,0.2175,0-3,0%-1%,0%-1%,0.0-0.4
34.4425,0.2175,0-3,3%-4%,1%-2%,0.4-0.8
34.1175,0.2225,0-3,0%-1%,0%-1%,0.0-0.4
34.1225,0.2225,13-,1%-2%,1%-2%,0.0-0.4
34.1275,0.2225,7-9,1%-2%,0%-1%,0.0-0.4
34.1325,0.2225,7-9,1%-2%,0%-1%,0.0-0.4
34.1375,0.2225,0-3,2%-3%,1%-2%,0.0-0.4
34.1425,0.2225,0-3,1%-2%,1%-2%,0.0-0.4
34.1475,0.2225,0-3,0%-1%,0%-1%,0.0-0.4
34.1525,0.2225,10-12,1%-2%,0%-1%,0.0-0.4
34.1575,0.2225,4-6,1%-2%,0%-1%,0.0-0.4
34.1625,0.2225,0-3,1%-2%,0%-1%,0.0-0.4
34.1675,0.2225,0-3,2%-3%,1%-2%,0.0-0.4
34.1925,0.2225,0-3,1%-2%,0%-1%,0.0-0.4
34.1975,0.2225,0-3,1%-2%,1%-2%,0.0-0.4
34.2025,0.2225,0-3,2%-3%,1%-2%,0.0-0.4
34.2075,0.2225,13-,1%-2%,0%-1%,0.0-0.4
34.2125,0.2225,7-9,1%-2%,1%-2%,0.0-0.4
34.2175,0.2225,4-6,1%-2%,0%-1%,0.0-0.4
34.2225,0.2225,4-6,1%-2%,0%-1%,0.0-0.4
34.2275,0.2225,0-3,2%-3%,1%-2%,0.0-0.4
34.2325,0.2225,10-12,1%-2%,1%-2%,0.0-0.4
34.2375,0.2225,7-9,1%-2%,0%-1%,0.0-0.4
34.2425,0.2225,10-12,2%-3%,1%-2%,0.0-0.4
34.2475,0.2225,13-,1%-2%,1%-2%,0.0-0.4
34.2525,0.2225,4-6,2%-3%,1%-2%,0.0-0.4
34.2575,0.2225,7-9,1%-2%,1%-2%,0.8-1.2
34.2625,0.2225,7-9,1%-2%,1%-2%,0.8-1.2
34.2675,0.2225,7-9,3%-4%,1%-2%,0.4-0.8
34.2725,0.2225,13-,1%-2%,1%-2%,0.4-0.8
34.2775,0.2225,0-3,0%-1%,0%-1%,0.0-0.4
34.2825,0.2225,0-3,0%-1%,0%-1%,0.0-0.4
34.2875,0.2225,0-3,1%-2%,0%-1%,0.0-0.4
34.2925,0.2225,0-3,1%-2%,0%-1%,0.0-0.4
34.2975,0.2225,0-3,0%-1%,0%-1%,0.0-0.4
34.3025,0.2225,0-3,1%-2%,1%-2%,0.4-0.8
34.3075,0.2225,13-,3%-4%,2%-3%,0.0-0.4
34.3125,0.2225,10-12,3%-4%,1%-2%,0.0-0.4
34.3175,0.2225,4-6,1%-2%,1%-2%,0.0-0.4
34.3225,0.2225,4-6,1%-2%,0%-1%,0.0-0.4
34.3275,0.2225,0-3,2%-3%,2%-3%,0.0-0.4
34.3325,0.2225,7-9,1%-2%,0%-1%,0.0-0.4
34.3375,0.2225,7-9,1%-2%,0%-1%,0.0-0.4
34.3425,0.2225,13-,1%-2%,0%-1%,0.0-0.4
34.3475,0.2225,0-3,2%-3%,0%-1%,0.0-0.4
34.3525,0.2225,7-9,1%-2%,0%-1%,0.0-0.4
34.3575,0.2225,0-3,3%-4%,1%-2%,0.0-0.4
34.3625,0.2225,7-9,2%-3%,1%-2%,0.0-0.4
34.3675,0.2225,4-6,1%-2%,1%-2%,0.0-0.4
34.3725,0.2225,13-,1%-2%,0%-1%,0.0-0.4
34.3775,0.2225,10-12,1%-2%,0%-1%,0.0-0.4
34.3825,0.2225,10-12,0%-1%,0%-1%,0.0-0.4
34.1175,0.2275,4-6,0%-1%,0%-1%,0.0-0.4
34.1225,0.2275,13-,1%-2%,0%-1%,0.0-0.4
34.1275,0.2275,10-12,1%-2%,0%-1%,0.0-0.4
34.1325,0.2275,7-9,3%-4%,2%-3%,0.0-0.4
34.1375,0.2275,0-3,1%-2%,1%-2%,0.0-0.4
34.1425,0.2275,0-3,1%-2%,0%-1%,0.0-0.4
34.1475,0.2275,0-3,0%-1%,0%-1%,0.0-0.4
34.1525,0.2275,10-12,1%-2%,0%-1%,0.0-0.4
34.1575,0.2275,4-6,2%-3%,1%-2%,0.0-0.4
34.1625,0.2275,0-3,2%-3%,1%-2%,0.0-0.4
34.1675,0.2275,0-3,2%-3%,1%-2%,0.0-0.4
34.1725,0.2275,0-3,1%-2%,0%-1%,0.0-0.4
34.1775,0.2275,0-3,0%-1%,0%-1%,0.0-0.4
34.1825,0.2275,13-,1%-2%,1%-2%,0.0-0.4
34.1875,0.2275,4-6,0%-1%,0%-1%,0.0-0.4
34.1925,0.2275,0-3,1%-2%,1%-2%,0.0-0.4
34.1975,0.2275,0-3,2%-3%,1%-2%,0.0-0.4
34.2025,0.2275,0-3,1%-2%,0%-1%,0.0-0.4
34.2075,0.2275,4-6,0%-1%,0%-1%,0.0-0.4
34.2125,0.2275,0-3,2%-3%,1%-2%,0.0-0.4
34.2175,0.2275,0-3,1%-2%,1%-2%,0.0-0.4
34.2225,0.2275,0-3,1%-2%,0%-1%,0.0-0.4
34.2275,0.2275,0-3,1%-2%,1%-2%,0.0-0.4
34.2325,0.2275,4-6,2%-3%,1%-2%,0.0-0.4
34.2375,0.2275,4-6,1%-2%,0%-1%,0.0-0.4
34.2425,0.2275,13-,2%-3%,1%-2%,0.0-0.4
34.2475,0.2275,0-3,2%-3%,0%-1%,0.4-0.8
34.2525,0.2275,0-3,2%-3%,1%-2%,0.4-0.8
34.2575,0.2275,7-9,1%-2%,1%-2%,0.4-0.8
34.2625,0.2275,0-3,0%-1%,0%-1%,0.4-0.8
34.2675,0.2275,10-12,2%-3%,1%-2%,0.0-0.4
34.2725,0.2275,10-12,2%-3%,1%-2%,0.0-0.4
34.2775,0.2275,4-6,1%-2%,0%-1%,0.0-0.4
34.2825,0.2275,4-6,1%-2%,1%-2%,0.0-0.4
34.2875,0.2275,10-12,1%-2%,0%-1%,0.0-0.4
34.2925,0.2275,0-3,0%-1%,0%-1%,0.0-0.4
34.2975,0.2275,0-3,0%-1%,0%-1%,0.0-0.4
34.3075,0.2275,0-3,1%-2%,0%-1%,0.0-0.4
34.3125,0.2275,0-3,1%-2%,0%-1%,0.0-0.4
34.3175,0.2275,0-3,2%-3%,1%-2%,0.0-0.4
34.3225,0.2275,13-,1%-2%,1%-2%,0.0-0.4
34.3275,0.2275,7-9,2%-3%,1%-2%,0.0-0.4
34.3325,0.2275,0-3,1%-2%,1%-2%,0.0-0.4
34.3375,0.2275,0-3,1%-2%,1%-2%,0.0-0.4
34.3425,0.2275,0-3,0%-1%,0%-1%,0.0-0.4
34.3475,0.2275,7-9,2%-3%,1%-2%,0.0-0.4
34.3525,0.2275,4-6,1%-2%,0%-1%,0.0-0.4
34.3575,0.2275,0-3,1%-2%,1%-2%,0.0-0.4
34.3625,0.2275,10-12,1%-2%,0%-1%,0.0-0.4
34.3675,0.2275,4-6,1%-2%,0%-1%,0.0-0.4
34.3725,0.2275,4-6,0%-1%,0%-1%,0.0-0.4
34.3775,0.2275,13-,1%-2%,0%-1%,0.0-0.4
34.3825,0.2275,4-6,0%-1%,0%-1%,0.0-0.4
34.3875,0.2275,0-3,0%-1%,0%-1%,0.0-0.4
34.1175,0.2325,4-6,0%-1%,0%-1%,0.0-0.4
34.1225,0.2325,10-12,1%-2%,1%-2%,0.0-0.4
34.1275,0.2325,0-3,0%-1%,0%-1%,0.0-0.4
34.1325,0.2325,0-3,1%-2%,1%-2%,0.0-0.4
34.1375,0.2325,0-3,0%-1%,0%-1%,0.0-0.4
34.1425,0.2325,0-3,0%-1%,0%-1%,0.0-0.4
34.1475,0.2325,0-3,0%-1%,0%-1%,0.0-0.4
34.1525,0.2325,13-,1%-2%,0%-1%,0.0-0.4
34.1575,0.2325,0-3,1%-2%,0%-1%,0.0-0.4
34.1625,0.2325,0-3,1%-2%,0%-1%,0.0-0.4
34.1675,0.2325,0-3,1%-2%,1%-2%,0.0-0.4
34.1725,0.2325,7-9,2%-3%,1%-2%,0.0-0.4
34.1775,0.2325,4-6,0%-1%,0%-1%,0.0-0.4
34.1825,0.2325,7-9,1%-2%,0%-1%,0.0-0.4
34.1875,0.2325,13-,2%-3%,1%-2%,0.0-0.4
34.1925,0.2325,0-3,0%-1%,0%-1%,0.0-0.4
34.1975,0.2325,0-3,1%-2%,0%-1%,0.0-0.4
34.2025,0.2325,0-3,1%-2%,0%-1%,0.0-0.4
34.2075,0.2325,13-,1%-2%,1%-2%,0.0-0.4
34.2125,0.2325,13-,1%-2%,1%-2%,0.0-0.4
34.2175,0.2325,4-6,2%-3%,1%-2%,0.0-0.4
34.2225,0.2325,4-6,1%-2%,0%-1%,0.0-0.4
34.2275,0.2325,4-6,1%-2%,0%-1%,0.0-0.4
34.2325,0.2325,0-3,2%-3%,1%-2%,0.0-0.4
34.2375,0.2325,4-6,2%-3%,1%-2%,0.0-0.4
34.2425,0.2325,0-3,1%-2%,0%-1%,0.0-0.4
34.2475,0.2325,0-3,1%-2%,1%-2%,0.4-0.8
34.2525,0.2325,0-3,1%-2%,1%-2%,0.4-0.8
34.2575,0.2325,0-3,1%-2%,1%-2%,0.8-1.2
34.2625,0.2325,0-3,1%-2%,0%-1%,0.4-0.8
34.2675,0.2325,7-9,1%-2%,0%-1%,0.0-0.4
34.2725,0.2325,4-6,1%-2%,0%-1%,0.0-0.4
34.2775,0.2325,0-3,1%-2%,0%-1%,0.0-0.4
34.2825,0.2325,4-6,1%-2%,0%-1%,0.0-0.4
34.2875,0.2325,0-3,1%-2%,0%-1%,0.0-0.4
34.3025,0.2325,0-3,0%-1%,0%-1%,0.0-0.4
34.3075,0.2325,0-3,1%-2%,0%-1%,0.0-0.4
34.3125,0.2325,0-3,2%-3%,1%-2%,0.0-0.4
34.3175,0.2325,0-3,2%-3%,1%-2%,0.0-0.4
34.3225,0.2325,7-9,1%-2%,0%-1%,0.0-0.4
34.3275,0.2325,13-,1%-2%,1%-2%,0.0-0.4
34.3325,0.2325,0-3,1%-2%,0%-1%,0.0-0.4
34.3375,0.2325,0-3,1%-2%,0%-1%,0.0-0.4
34.3425,0.2325,0-3,1%-2%,0%-1%,0.0-0.4
34.3475,0.2325,7-9,2%-3%,1%-2%,0.0-0.4
34.3525,0.2325,7-9,1%-2%,0%-1%,0.0-0.4
34.3575,0.2325,0-3,1%-2%,0%-1%,0.0-0.4
34.3625,0.2325,0-3,0%-1%,0%-1%,0.0-0.4
34.3675,0.2325,0-3,0%-1%,0%-1%,0.0-0.4
34.3725,0.2325,13-,2%-3%,1%-2%,0.0-0.4
34.3775,0.2325,13-,1%-2%,0%-1%,0.0-0.4
34.3825,0.2325,0-3,1%-2%,0%-1%,0.0-0.4
34.3875,0.2325,0-3,0%-1%,0%-1%,0.0-0.4
34.3925,0.2325,0-3,0%-1%,0%-1%,0.0-0.4
34.3975,0.2325,0-3,0%-1%,0%-1%,0.0-0.4
34.1175,0.2375,7-9,0%-1%,0%-1%,0.0-0.4
34.1225,0.2375,4-6,2%-3%,1%-2%,0.0-0.4
34.1275,0.2375,10-12,1%-2%,1%-2%,0.0-0.4
34.1325,0.2375,7-9,0%-1%,0%-1%,0.0-0.4
34.1375,0.2375,0-3,0%-1%,0%-1%,0.0-0.4
34.1425,0.2375,7-9,0%-1%,0%-1%,0.0-0.4
34.1475,0.2375,13-,1%-2%,1%-2%,0.0-0.4
34.1525,0.2375,7-9,1%-2%,0%-1%,0.0-0.4
34.1575,0.2375,4-6,1%-2%,0%-1%,0.0-0.4
34.1625,0.2375,0-3,1%-2%,1%-2%,0.0-0.4
34.1675,0.2375,0-3,2%-3%,1%-2%,0.0-0.4
34.1725,0.2375,10-12,1%-2%,1%-2%,0.0-0.4
34.1825,0.2375,0-3,1%-2%,1%-2%,0.0-0.4
34.1875,0.2375,0-3,3%-4%,2%-3%,0.0-0.4
34.1925,0.2375,0-3,1%-2%,1%-2%,0.0-0.4
34.1975,0.2375,0-3,0%-1%,0%-1%,0.0-0.4
34.2025,0.2375,0-3,0%-1%,0%-1%,0.0-0.4
34.2075,0.2375,10-12,1%-2%,0%-1%,0.0-0.4
34.2125,0.2375,13-,1%-2%,1%-2%,0.0-0.4
34.2175,0.2375,4-6,1%-2%,0%-1%,0.0-0.4
34.2225,0.2375,10-12,1%-2%,1%-2%,0.0-0.4
34.2275,0.2375,0-3,0%-1%,0%-1%,0.0-0.4
34.2375,0.2375,4-6,1%-2%,1%-2%,0.0-0.4
34.2425,0.2375,0-3,0%-1%,0%-1%,0.0-0.4
34.2475,0.2375,0-3,1%-2%,0%-1%,0.0-0.4
34.2525,0.2375,0-3,1%-2%,0%-1%,0.0-0.4
34.2575,0.2375,0-3,1%-2%,0%-1%,0.8-1.2
34.2625,0.2375,0-3,1%-2%,0%-1%,0.4-0.8
34.2675,0.2375,13-,1%-2%,1%-2%,0.0-0.4
34.2725,0.2375,10-12,1%-2%,1%-2%,0.0-0.4
34.2775,0.2375,0-3,2%-3%,0%-1%,0.0-0.4
34.2825,0.2375,0-3,1%-2%,1%-2%,0.0-0.4
34.2875,0.2375,0-3,1%-2%,0%-1%,0.0-0.4
34.2925,0.2375,0-3,0%-1%,0%-1%,0.0-0.4
34.3075,0.2375,0-3,0%-1%,0%-1%,0.0-0.4
34.3125,0.2375,0-3,0%-1%,0%-1%,0.0-0.4
34.3225,0.2375,0-3,0%-1%,0%-1%,0.0-0.4
34.3275,0.2375,0-3,0%-1%,0%-1%,0.0-0.4
34.3325,0.2375,0-3,0%-1%,0%-1%,0.0-0.4
34.3375,0.2375,0-3,0%-1%,0%-1%,0.0-0.4
34.3475,0.2375,0-3,0%-1%,0%-1%,0.0-0.4
34.3525,0.2375,0-3,0%-1%,0%-1%,0.0-0.4
34.3625,0.2375,0-3,0%-1%,0%-1%,0.0-0.4
34.3675,0.2375,13-,1%-2%,0%-1%,0.0-0.4
34.3725,0.2375,0-3,1%-2%,0%-1%,0.0-0.4
34.3775,0.2375,0-3,0%-1%,0%-1%,0.0-0.4
34.3825,0.2375,13-,1%-2%,0%-1%,0.0-0.4
34.3875,0.2375,0-3,0%-1%,0%-1%,0.0-0.4
34.3925,0.2375,0-3,0%-1%,0%-1%,0.0-0.4
34.3975,0.2375,4-6,0%-1%,0%-1%,0.0-0.4
34.4025,0.2375,0-3,0%-1%,0%-1%,0.0-0.4
34.1225,0.2425,4-6,1%-2%,0%-1%,0.0-0.4
34.1275,0.2425,4-6,1%-2%,0%-1%,0.0-0.4
34.1325,0.2425,10-12,1%-2%,1%-2%,0.0-0.4
34.1375,0.2425,10-12,2%-3%,1%-2%,0.0-0.4
34.1425,0.2425,10-12,0%-1%,0%-1%,0.0-0.4
34.1475,0.2425,7-9,1%-2%,0%-1%,0.0-0.4
34.1525,0.2425,0-3,0%-1%,0%-1%,0.0-0.4
34.1575,0.2425,4-6,1%-2%,0%-1%,0.4-0.8
34.1675,0.2425,4-6,3%-4%,1%-2%,0.4-0.8
34.1725,0.2425,13-,2%-3%,1%-2%,0.0-0.4
34.1825,0.2425,0-3,1%-2%,0%-1%,0.0-0.4
34.1875,0.2425,0-3,1%-2%,1%-2%,0.0-0.4
34.1925,0.2425,0-3,1%-2%,1%-2%,0.0-0.4
34.1975,0.2425,4-6,0%-1%,0%-1%,0.0-0.4
34.2025,0.2425,13-,1%-2%,1%-2%,0.0-0.4
34.2075,0.2425,0-3,0%-1%,0%-1%,0.0-0.4
34.2125,0.2425,7-9,0%-1%,0%-1%,0.0-0.4
34.2175,0.2425,7-9,0%-1%,0%-1%,0.0-0.4
34.2225,0.2425,13-,1%-2%,0%-1%,0.0-0.4
34.2275,0.2425,0-3,1%-2%,1%-2%,0.0-0.4
34.2325,0.2425,0-3,1%-2%,0%-1%,0.0-0.4
34.2375,0.2425,0-3,1%-2%,0%-1%,0.0-0.4
34.2425,0.2425,0-3,1%-2%,0%-1%,0.0-0.4
34.2475,0.2425,0-3,1%-2%,0%-1%,0.0-0.4
34.2525,0.2425,0-3,0%-1%,0%-1%,0.0-0.4
34.2575,0.2425,0-3,0%-1%,0%-1%,0.0-0.4
34.2625,0.2425,7-9,1%-2%,0%-1%,0.0-0.4
34.2675,0.2425,13-,1%-2%,0%-1%,0.0-0.4
34.2725,0.2425,0-3,1%-2%,0%-1%,0.0-0.4
34.2775,0.2425,0-3,0%-1%,0%-1%,0.0-0.4
34.2825,0.2425,0-3,1%-2%,0%-1%,0.0-0.4
34.2875,0.2425,0-3,0%-1%,0%-1%,0.0-0.4
34.3225,0.2425,0-3,0%-1%,0%-1%,0.0-0.4
34.3275,0.2425,0-3,0%-1%,0%-1%,0.0-0.4
34.3325,0.2425,0-3,0%-1%,0%-1%,0.0-0.4
34.3425,0.2425,4-6,0%-1%,0%-1%,0.0-0.4
34.3475,0.2425,13-,2%-3%,1%-2%,0.0-0.4
34.3525,0.2425,10-12,2%-3%,1%-2%,0.0-0.4
34.3575,0.2425,13-,2%-3%,1%-2%,0.0-0.4
34.3625,0.2425,10-12,2%-3%,1%-2%,0.0-0.4
34.3675,0.2425,10-12,1%-2%,1%-2%,0.0-0.4
34.3725,0.2425,0-3,2%-3%,1%-2%,0.0-0.4
34.3775,0.2425,7-9,1%-2%,1%-2%,0.0-0.4
34.3825,0.2425,7-9,3%-4%,2%-3%,0.0-0.4
34.3875,0.2425,13-,1%-2%,1%-2%,0.0-0.4
34.3925,0.2425,13-,1%-2%,1%-2%,0.0-0.4
34.3975,0.2425,13-,1%-2%,1%-2%,0.0-0.4
34.4025,0.2425,0-3,0%-1%,0%-1%,0.0-0.4
34.4075,0.2425,0-3,0%-1%,0%-1%,0.4-0.8
34.1275,0.2475,0-3,1%-2%,0%-1%,0.0-0.4
34.1325,0.2475,0-3,2%-3%,2%-3%,0.0-0.4
34.1375,0.2475,13-,1%-2%,0%-1%,0.0-0.4
34.1425,0.2475,13-,1%-2%,1%-2%,0.0-0.4
34.1475,0.2475,10-12,1%-2%,1%-2%,0.0-0.4
34.1525,0.2475,4-6,1%-2%,0%-1%,0.0-0.4
34.1575,0.2475,0-3,1%-2%,0%-1%,0.4-0.8
34.1625,0.2475,0-3,1%-2%,0%-1%,0.8-1.2
34.1675,0.2475,0-3,2%-3%,1%-2%,0.4-0.8
34.1725,0.2475,0-3,0%-1%,0%-1%,0.0-0.4
34.1775,0.2475,0-3,0%-1%,0%-1%,0.0-0.4
34.1825,0.2475,0-3,1%-2%,1%-2%,0.0-0.4
34.1875,0.2475,4-6,2%-3%,1%-2%,0.0-0.4
34.1925,0.2475,7-9,1%-2%,1%-2%,0.0-0.4
34.1975,0.2475,0-3,0%-1%,0%-1%,0.0-0.4
34.2025,0.2475,10-12,1%-2%,1%-2%,0.0-0.4
34.2075,0.2475,0-3,1%-2%,0%-1%,0.0-0.4
34.2125,0.2475,0-3,1%-2%,0%-1%,0.0-0.4
34.2175,0.2475,7-9,0%-1%,0%-1%,0.0-0.4
34.2225,0.2475,7-9,2%-3%,1%-2%,0.0-0.4
34.2275,0.2475,4-6,2%-3%,1%-2%,0.4-0.8
34.2325,0.2475,4-6,3%-4%,1%-2%,0.0-0.4
34.2375,0.2475,4-6,1%-2%,0%-1%,0.0-0.4
34.2425,0.2475,7-9,1%-2%,0%-1%,0.0-0.4
34.2475,0.2475,0-3,1%-2%,0%-1%,0.0-0.4
34.2525,0.2475,0-3,1%-2%,0%-1%,0.0-0.4
34.2575,0.2475,0-3,0%-1%,0%-1%,0.0-0.4
34.2625,0.2475,0-3,0%-1%,0%-1%,0.4-0.8
34.2675,0.2475,0-3,2%-3%,1%-2%,0.4-0.8
34.2725,0.2475,0-3,1%-2%,0%-1%,0.0-0.4
34.2775,0.2475,0-3,1%-2%,0%-1%,0.0-0.4
34.2825,0.2475,0-3,1%-2%,1%-2%,0.0-0.4
34.2875,0.2475,0-3,1%-2%,0%-1%,0.0-0.4
34.2925,0.2475,0-3,0%-1%,0%-1%,0.0-0.4
34.2975,0.2475,10-12,1%-2%,1%-2%,0.0-0.4
34.3175,0.2475,0-3,0%-1%,0%-1%,0.0-0.4
34.3225,0.2475,0-3,0%-1%,0%-1%,0.0-0.4
34.3275,0.2475,0-3,0%-1%,0%-1%,0.0-0.4
34.3325,0.2475,0-3,0%-1%,0%-1%,0.0-0.4
34.3425,0.2475,0-3,0%-1%,0%-1%,0.0-0.4
34.3475,0.2475,0-3,0%-1%,0%-1%,0.0-0.4
34.3525,0.2475,0-3,0%-1%,0%-1%,0.0-0.4
34.3575,0.2475,13-,2%-3%,1%-2%,0.0-0.4
34.3625,0.2475,0-3,1%-2%,0%-1%,0.0-0.4
34.3675,0.2475,0-3,1%-2%,0%-1%,0.0-0.4
34.3725,0.2475,0-3,1%-2%,0%-1%,0.0-0.4
34.3775,0.2475,0-3,1%-2%,1%-2%,0.0-0.4
34.3825,0.2475,0-3,1%-2%,0%-1%,0.0-0.4
34.3875,0.2475,7-9,0%-1%,0%-1%,0.0-0.4
34.3925,0.2475,13-,1%-2%,0%-1%,0.0-0.4
34.3975,0.2475,0-3,0%-1%,0%-1%,0.0-0.4
34.4025,0.2475,0-3,0%-1%,0%-1%,0.0-0.4
34.1325,0.2525,0-3,1%-2%,0%-1%,0.0-0.4
34.1425,0.2525,4-6,1%-2%,0%-1%,0.0-0.4
34.1475,0.2525,0-3,1%-2%,0%-1%,0.0-0.4
34.1525,0.2525,4-6,1%-2%,1%-2%,0.0-0.4
34.1575,0.2525,0-3,2%-3%,1%-2%,0.0-0.4
34.1625,0.2525,0-3,1%-2%,0%-1%,0.0-0.4
34.1675,0.2525,0-3,0%-1%,0%-1%,0.0-0.4
34.1725,0.2525,0-3,0%-1%,0%-1%,0.0-0.4
34.1775,0.2525,0-3,0%-1%,0%-1%,0.0-0.4
34.1825,0.2525,10-12,0%-1%,0%-1%,0.0-0.4
34.1875,0.2525,7-9,0%-1%,0%-1%,0.0-0.4
34.1925,0.2525,10-12,1%-2%,0%-1%,0.0-0.4
34.1975,0.2525,7-9,0%-1%,0%-1%,0.0-0.4
34.2025,0.2525,0-3,0%-1%,0%-1%,0.0-0.4
34.2075,0.2525,0-3,1%-2%,0%-1%,0.0-0.4
34.2125,0.2525,7-9,2%-3%,1%-2%,0.0-0.4
34.2175,0.2525,10-12,3%-4%,2%-3%,0.4-0.8
34.2225,0.2525,10-12,3%-4%,2%-3%,0.4-0.8
34.2325,0.2525,0-3,2%-3%,1%-2%,0.0-0.4
34.2375,0.2525,0-3,0%-1%,0%-1%,0.0-0.4
34.2425,0.2525,10-12,1%-2%,0%-1%,0.0-0.4
34.2475,0.2525,4-6,1%-2%,0%-1%,0.0-0.4
34.2525,0.2525,0-3,2%-3%,1%-2%,0.0-0.4
34.2575,0.2525,0-3,1%-2%,0%-1%,0.0-0.4
34.2625,0.2525,0-3,0%-1%,0%-1%,0.4-0.8
34.2675,0.2525,0-3,2%-3%,1%-2%,0.4-0.8
34.2725,0.2525,0-3,0%-1%,0%-1%,0.4-0.8
34.2775,0.2525,0-3,0%-1%,0%-1%,0.0-0.4
34.2825,0.2525,0-3,2%-3%,1%-2%,0.0-0.4
34.2875,0.2525,0-3,1%-2%,0%-1%,0.0-0.4
34.2925,0.2525,0-3,1%-2%,0%-1%,0.0-0.4
34.2975,0.2525,13-,2%-3%,1%-2%,0.0-0.4
34.3025,0.2525,13-,1%-2%,0%-1%,0.0-0.4
34.3125,0.2525,0-3,0%-1%,0%-1%,0.0-0.4
34.3175,0.2525,0-3,1%-2%,0%-1%,0.0-0.4
34.3225,0.2525,0-3,1%-2%,0%-1%,0.0-0.4
34.3275,0.2525,0-3,0%-1%,0%-1%,0.0-0.4
34.3325,0.2525,0-3,0%-1%,0%-1%,0.0-0.4
34.3375,0.2525,0-3,0%-1%,0%-1%,0.0-0.4
34.3425,0.2525,7-9,0%-1%,0%-1%,0.0-0.4
34.3475,0.2525,4-6,0%-1%,0%-1%,0.0-0.4
34.3525,0.2525,0-3,0%-1%,0%-1%,0.0-0.4
34.3575,0.2525,0-3,1%-2%,1%-2%,0.0-0.4
34.3625,0.2525,0-3,1%-2%,0%-1%,0.0-0.4
34.3675,0.2525,0-3,1%-2%,0%-1%,0.0-0.4
34.3725,0.2525,0-3,0%-1%,0%-1%,0.0-0.4
34.3775,0.2525,0-3,1%-2%,0%-1%,0.0-0.4
34.3825,0.2525,13-,1%-2%,1%-2%,0.0-0.4
34.3875,0.2525,7-9,0%-1%,0%-1%,0.0-0.4
34.3925,0.2525,0-3,1%-2%,0%-1%,0.0-0.4
34.3975,0.2525,0-3,1%-2%,0%-1%,0.0-0.4
34.1425,0.2575,0-3,1%-2%,0%-1%,0.0-0.4
34.1475,0.2575,0-3,1%-2%,0%-1%,0.0-0.4
34.1525,0.2575,0-3,1%-2%,0%-1%,0.0-0.4
34.1575,0.2575,0-3,1%-2%,0%-1%,0.0-0.4
34.1625,0.2575,4-6,1%-2%,0%-1%,0.0-0.4
34.1675,0.2575,0-3,0%-1%,0%-1%,0.0-0.4
34.1725,0.2575,0-3,1%-2%,0%-1%,0.0-0.4
34.1775,0.2575,0-3,1%-2%,1%-2%,0.0-0.4
34.1825,0.2575,7-9,1%-2%,1%-2%,0.0-0.4
34.1875,0.2575,7-9,0%-1%,0%-1%,0.0-0.4
34.1925,0.2575,4-6,1%-2%,0%-1%,0.0-0.4
34.1975,0.2575,0-3,0%-1%,0%-1%,0.0-0.4
34.2025,0.2575,0-3,0%-1%,0%-1%,0.0-0.4
34.2075,0.2575,13-,2%-3%,1%-2%,0.0-0.4
34.2125,0.2575,10-12,1%-2%,1%-2%,0.4-0.8
34.2175,0.2575,4-6,2%-3%,1%-2%,0.4-0.8
34.2225,0.2575,0-3,3%-4%,2%-3%,0.8-1.2
34.2325,0.2575,0-3,2%-3%,1%-2%,0.4-0.8
34.2375,0.2575,4-6,0%-1%,0%-1%,0.0-0.4
34.2425,0.2575,10-12,0%-1%,0%-1%,0.0-0.4
34.2475,0.2575,0-3,1%-2%,0%-1%,0.0-0.4
34.2525,0.2575,0-3,1%-2%,1%-2%,0.0-0.4
34.2575,0.2575,0-3,1%-2%,0%-1%,0.0-0.4
34.2625,0.2575,0-3,1%-2%,0%-1%,0.4-0.8
34.2675,0.2575,0-3,1%-2%,1%-2%,0.4-0.8
34.2725,0.2575,0-3,1%-2%,0%-1%,0.0-0.4
34.2775,0.2575,0-3,1%-2%,0%-1%,0.0-0.4
34.2825,0.2575,0-3,1%-2%,1%-2%,0.0-0.4
34.2875,0.2575,0-3,0%-1%,0%-1%,0.0-0.4
34.2925,0.2575,13-,2%-3%,1%-2%,0.0-0.4
34.2975,0.2575,4-6,2%-3%,1%-2%,0.0-0.4
34.3025,0.2575,4-6,0%-1%,0%-1%,0.0-0.4
34.3075,0.2575,0-3,0%-1%,0%-1%,0.0-0.4
34.3125,0.2575,13-,2%-3%,1%-2%,0.0-0.4
34.3175,0.2575,0-3,1%-2%,1%-2%,0.0-0.4
34.3225,0.2575,0-3,1%-2%,0%-1%,0.0-0.4
34.3275,0.2575,0-3,0%-1%,0%-1%,0.0-0.4
34.3325,0.2575,10-12,1%-2%,0%-1%,0.0-0.4
34.3375,0.2575,10-12,1%-2%,1%-2%,0.0-0.4
34.3425,0.2575,4-6,0%-1%,0%-1%,0.0-0.4
34.3475,0.2575,13-,1%-2%,0%-1%,0.0-0.4
34.3525,0.2575,0-3,0%-1%,0%-1%,0.0-0.4
34.3575,0.2575,0-3,1%-2%,0%-1%,0.0-0.4
34.3625,0.2575,0-3,0%-1%,0%-1%,0.0-0.4
34.3675,0.2575,0-3,2%-3%,1%-2%,0.0-0.4
34.3725,0.2575,0-3,1%-2%,1%-2%,0.0-0.4
34.3775,0.2575,0-3,1%-2%,0%-1%,0.0-0.4
34.3825,0.2575,0-3,0%-1%,0%-1%,0.0-0.4
34.3875,0.2575,0-3,0%-1%,0%-1%,0.0-0.4
34.3925,0.2575,7-9,1%-2%,0%-1%,0.0-0.4
34.3975,0.2575,13-,0%-1%,0%-1%,0.0-0.4
34.1425,0.2625,0-3,1%-2%,1%-2%,0.0-0.4
34.1475,0.2625,0-3,1%-2%,0%-1%,0.0-0.4
34.1525,0.2625,0-3,0%-1%,0%-1%,0.0-0.4
34.1575,0.2625,0-3,1%-2%,1%-2%,0.0-0.4
34.1625,0.2625,7-9,1%-2%,0%-1%,0.0-0.4
34.1675,0.2625,10-12,1%-2%,0%-1%,0.0-0.4
34.1725,0.2625,0-3,1%-2%,0%-1%,0.0-0.4
34.1775,0.2625,0-3,1%-2%,0%-1%,0.0-0.4
34.1825,0.2625,10-12,1%-2%,0%-1%,0.0-0.4
34.1875,0.2625,10-12,1%-2%,0%-1%,0.0-0.4
34.1925,0.2625,0-3,2%-3%,1%-2%,0.0-0.4
34.1975,0.2625,0-3,1%-2%,1%-2%,0.0-0.4
34.2025,0.2625,0-3,0%-1%,0%-1%,0.0-0.4
34.2075,0.2625,4-6,0%-1%,0%-1%,0.0-0.4
34.2125,0.2625,4-6,0%-1%,0%-1%,0.4-0.8
34.2175,0.2625,0-3,2%-3%,1%-2%,0.8-1.2
34.2225,0.2625,0-3,3%-4%,2%-3%,0.8-1.2
34.2275,0.2625,4-6,3%-4%,2%-3%,0.8-1.2
34.2325,0.2625,10-12,1%-2%,0%-1%,0.4-0.8
34.2375,0.2625,4-6,1%-2%,0%-1%,0.0-0.4
34.2425,0.2625,0-3,0%-1%,0%-1%,0.0-0.4
34.2475,0.2625,0-3,0%-1%,0%-1%,0.0-0.4
34.2525,0.2625,0-3,0%-1%,0%-1%,0.0-0.4
34.2625,0.2625,4-6,1%-2%,0%-1%,0.0-0.4
34.2675,0.2625,0-3,2%-3%,1%-2%,0.0-0.4
34.2725,0.2625,0-3,1%-2%,0%-1%,0.0-0.4
34.2775,0.2625,0-3,1%-2%,0%-1%,0.0-0.4
34.2825,0.2625,0-3,0%-1%,0%-1%,0.0-0.4
34.2875,0.2625,0-3,0%-1%,0%-1%,0.0-0.4
34.2925,0.2625,0-3,2%-3%,1%-2%,0.0-0.4
34.2975,0.2625,0-3,1%-2%,0%-1%,0.0-0.4
34.3075,0.2625,4-6,0%-1%,0%-1%,0.0-0.4
34.3125,0.2625,0-3,1%-2%,0%-1%,0.0-0.4
34.3175,0.2625,0-3,2%-3%,1%-2%,0.0-0.4
34.3225,0.2625,0-3,1%-2%,1%-2%,0.0-0.4
34.3275,0.2625,0-3,1%-2%,0%-1%,0.0-0.4
34.3325,0.2625,13-,1%-2%,1%-2%,0.0-0.4
34.3375,0.2625,10-12,1%-2%,0%-1%,0.0-0.4
34.3475,0.2625,0-3,0%-1%,0%-1%,0.0-0.4
34.3525,0.2625,13-,1%-2%,0%-1%,0.0-0.4
34.3575,0.2625,10-12,0%-1%,0%-1%,0.0-0.4
34.3625,0.2625,0-3,0%-1%,0%-1%,0.0-0.4
34.3675,0.2625,4-6,0%-1%,0%-1%,0.0-0.4
34.3725,0.2625,0-3,0%-1%,0%-1%,0.0-0.4
34.3775,0.2625,0-3,0%-1%,0%-1%,0.0-0.4
34.3825,0.2625,10-12,0%-1%,0%-1%,0.0-0.4
34.3875,0.2625,4-6,0%-1%,0%-1%,0.0-0.4
34.3925,0.2625,13-,1%-2%,0%-1%,0.0-0.4
34.3975,0.2625,4-6,0%-1%,0%-1%,0.0-0.4
34.1525,0.2675,0-3,1%-2%,0%-1%,0.0-0.4
34.1575,0.2675,13-,1%-2%,1%-2%,0.0-0.4
34.1625,0.2675,4-6,1%-2%,1%-2%,0.0-0.4
34.1675,0.2675,0-3,0%-1%,0%-1%,0.0-0.4
34.1725,0.2675,0-3,1%-2%,0%-1%,0.0-0.4
34.1775,0.2675,0-3,0%-1%,0%-1%,0.0-0.4
34.1825,0.2675,4-6,0%-1%,0%-1%,0.0-0.4
34.1875,0.2675,0-3,2%-3%,0%-1%,0.0-0.4
34.1925,0.2675,0-3,1%-2%,0%-1%,0.0-0.4
34.1975,0.2675,0-3,0%-1%,0%-1%,0.0-0.4
34.2075,0.2675,13-,1%-2%,0%-1%,0.0-0.4
34.2125,0.2675,7-9,1%-2%,1%-2%,0.4-0.8
34.2175,0.2675,10-12,1%-2%,0%-1%,0.8-1.2
34.2225,0.2675,7-9,3%-4%,2%-3%,0.8-1.2
34.2275,0.2675,0-3,3%-4%,1%-2%,0.8-1.2
34.2325,0.2675,0-3,0%-1%,0%-1%,0.4-0.8
34.2375,0.2675,13-,2%-3%,1%-2%,0.0-0.4
34.2425,0.2675,13-,2%-3%,1%-2%,0.0-0.4
34.2475,0.2675,0-3,1%-2%,0%-1%,0.0-0.4
34.2525,0.2675,0-3,1%-2%,0%-1%,0.0-0.4
34.2575,0.2675,0-3,0%-1%,0%-1%,0.0-0.4
34.2625,0.2675,0-3,1%-2%,0%-1%,0.0-0.4
34.2675,0.2675,0-3,1%-2%,0%-1%,0.0-0.4
34.2725,0.2675,0-3,1%-2%,0%-1%,0.0-0.4
34.2875,0.2675,0-3,1%-2%,0%-1%,0.0-0.4
34.2925,0.2675,0-3,3%-4%,1%-2%,0.0-0.4
34.2975,0.2675,7-9,1%-2%,0%-1%,0.0-0.4
34.3025,0.2675,10-12,1%-2%,0%-1%,0.0-0.4
34.3075,0.2675,4-6,0%-1%,0%-1%,0.0-0.4
34.3175,0.2675,0-3,0%-1%,0%-1%,0.0-0.4
34.3225,0.2675,4-6,2%-3%,1%-2%,0.0-0.4
34.3275,0.2675,0-3,3%-4%,1%-2%,0.0-0.4
34.3325,0.2675,10-12,1%-2%,1%-2%,0.0-0.4
34.3375,0.2675,10-12,1%-2%,0%-1%,0.0-0.4
34.3425,0.2675,0-3,1%-2%,0%-1%,0.0-0.4
34.3475,0.2675,0-3,1%-2%,0%-1%,0.0-0.4
34.3525,0.2675,0-3,0%-1%,0%-1%,0.0-0.4
34.3575,0.2675,4-6,0%-1%,0%-1%,0.0-0.4
34.3625,0.2675,0-3,0%-1%,0%-1%,0.0-0.4
34.3675,0.2675,0-3,0%-1%,0%-1%,0.0-0.4
34.3725,0.2675,7-9,1%-2%,0%-1%,0.0-0.4
34.3775,0.2675,7-9,0%-1%,0%-1%,0.0-0.4
34.3825,0.2675,13-,0%-1%,0%-1%,0.0-0.4
34.3875,0.2675,7-9,1%-2%,0%-1%,0.0-0.4
34.3925,0.2675,0-3,0%-1%,0%-1%,0.0-0.4
34.1525,0.2725,7-9,0%-1%,0%-1%,0.0-0.4
34.1575,0.2725,10-12,2%-3%,1%-2%,0.0-0.4
34.1625,0.2725,4-6,1%-2%,1%-2%,0.0-0.4
34.1675,0.2725,0-3,0%-1%,0%-1%,0.0-0.4
34.1725,0.2725,0-3,1%-2%,1%-2%,0.0-0.4
34.1775,0.2725,0-3,1%-2%,0%-1%,0.0-0.4
34.1825,0.2725,0-3,1%-2%,1%-2%,0.0-0.4
34.1875,0.2725,0-3,0%-1%,0%-1%,0.0-0.4
34.2075,0.2725,13-,1%-2%,1%-2%,0.0-0.4
34.2125,0.2725,13-,1%-2%,1%-2%,0.0-0.4
34.2175,0.2725,4-6,1%-2%,0%-1%,0.4-0.8
34.2225,0.2725,7-9,2%-3%,1%-2%,0.4-0.8
34.2275,0.2725,0-3,2%-3%,1%-2%,0.4-0.8
34.2325,0.2725,0-3,0%-1%,0%-1%,0.4-0.8
34.2375,0.2725,13-,1%-2%,1%-2%,0.0-0.4
34.2425,0.2725,10-12,3%-4%,2%-3%,0.0-0.4
34.2475,0.2725,0-3,2%-3%,1%-2%,0.0-0.4
34.2525,0.2725,0-3,1%-2%,1%-2%,0.0-0.4
34.2575,0.2725,0-3,1%-2%,1%-2%,0.0-0.4
34.2625,0.2725,10-12,1%-2%,1%-2%,0.0-0.4
34.2675,0.2725,7-9,1%-2%,0%-1%,0.0-0.4
34.2725,0.2725,10-12,0%-1%,0%-1%,0.0-0.4
34.2775,0.2725,10-12,0%-1%,0%-1%,0.0-0.4
34.2825,0.2725,0-3,0%-1%,0%-1%,0.0-0.4
34.2875,0.2725,0-3,0%-1%,0%-1%,0.0-0.4
34.2925,0.2725,0-3,2%-3%,1%-2%,0.0-0.4
34.2975,0.2725,10-12,1%-2%,0%-1%,0.0-0.4
34.3025,0.2725,13-,1%-2%,0%-1%,0.0-0.4
34.3075,0.2725,0-3,0%-1%,0%-1%,0.0-0.4
34.3125,0.2725,0-3,0%-1%,0%-1%,0.0-0.4
34.3175,0.2725,0-3,0%-1%,0%-1%,0.0-0.4
34.3225,0.2725,4-6,0%-1%,0%-1%,0.0-0.4
34.3275,0.2725,0-3,1%-2%,0%-1%,0.0-0.4
34.3325,0.2725,0-3,1%-2%,1%-2%,0.0-0.4
34.3375,0.2725,0-3,0%-1%,0%-1%,0.0-0.4
34.3425,0.2725,0-3,1%-2%,0%-1%,0.0-0.4
34.3475,0.2725,0-3,0%-1%,0%-1%,0.0-0.4
34.3525,0.2725,0-3,0%-1%,0%-1%,0.0-0.4
34.3575,0.2725,4-6,0%-1%,0%-1%,0.0-0.4
34.3625,0.2725,7-9,0%-1%,0%-1%,0.0-0.4
34.3675,0.2725,7-9,0%-1%,0%-1%,0.0-0.4
34.3775,0.2725,10-12,0%-1%,0%-1%,0.0-0.4
34.3875,0.2725,4-6,0%-1%,0%-1%,0.0-0.4
34.1525,0.2775,0-3,1%-2%,0%-1%,0.0-0.4
34.1575,0.2775,10-12,2%-3%,1%-2%,0.0-0.4
34.1625,0.2775,13-,1%-2%,0%-1%,0.0-0.4
34.1675,0.2775,0-3,0%-1%,0%-1%,0.0-0.4
34.1725,0.2775,0-3,2%-3%,1%-2%,0.0-0.4
34.1775,0.2775,0-3,2%-3%,1%-2%,0.0-0.4
34.1825,0.2775,0-3,1%-2%,1%-2%,0.0-0.4
34.2075,0.2775,13-,1%-2%,1%-2%,0.0-0.4
34.2125,0.2775,13-,2%-3%,1%-2%,0.0-0.4
34.2175,0.2775,7-9,1%-2%,1%-2%,0.0-0.4
34.2225,0.2775,0-3,2%-3%,1%-2%,0.4-0.8
34.2275,0.2775,0-3,2%-3%,1%-2%,0.4-0.8
34.2325,0.2775,0-3,1%-2%,0%-1%,0.0-0.4
34.2375,0.2775,0-3,1%-2%,1%-2%,0.0-0.4
34.2425,0.2775,7-9,2%-3%,1%-2%,0.0-0.4
34.2475,0.2775,0-3,1%-2%,0%-1%,0.0-0.4
34.2525,0.2775,0-3,1%-2%,0%-1%,0.0-0.4
34.2575,0.2775,0-3,2%-3%,1%-2%,0.0-0.4
34.2625,0.2775,7-9,3%-4%,1%-2%,0.0-0.4
34.2675,0.2775,7-9,1%-2%,0%-1%,0.0-0.4
34.2725,0.2775,10-12,1%-2%,0%-1%,0.0-0.4
34.2825,0.2775,0-3,0%-1%,0%-1%,0.8-1.2
34.2875,0.2775,0-3,2%-3%,1%-2%,0.4-0.8
34.2925,0.2775,0-3,1%-2%,1%-2%,0.4-0.8
34.2975,0.2775,0-3,1%-2%,0%-1%,0.0-0.4
34.3075,0.2775,0-3,1%-2%,0%-1%,0.0-0.4
34.3125,0.2775,0-3,0%-1%,0%-1%,0.0-0.4
34.3175,0.2775,0-3,1%-2%,0%-1%,0.0-0.4
34.3225,0.2775,0-3,1%-2%,0%-1%,0.0-0.4
34.3275,0.2775,0-3,0%-1%,0%-1%,0.0-0.4
34.3375,0.2775,0-3,1%-2%,0%-1%,0.0-0.4
34.3425,0.2775,0-3,0%-1%,0%-1%,0.0-0.4
34.3475,0.2775,0-3,0%-1%,0%-1%,0.0-0.4
34.3575,0.2775,13-,1%-2%,1%-2%,0.0-0.4
34.3625,0.2775,4-6,0%-1%,0%-1%,0.0-0.4
34.3675,0.2775,4-6,0%-1%,0%-1%,0.0-0.4
34.3725,0.2775,7-9,0%-1%,0%-1%,0.0-0.4
34.3775,0.2775,10-12,0%-1%,0%-1%,0.0-0.4
34.3825,0.2775,13-,0%-1%,0%-1%,0.0-0.4
34.3875,0.2775,13-,0%-1%,0%-1%,0.0-0.4
34.3925,0.2775,4-6,0%-1%,0%-1%,0.0-0.4
34.1575,0.2825,10-12,1%-2%,1%-2%,0.0-0.4
34.1625,0.2825,10-12,1%-2%,1%-2%,0.0-0.4
34.1675,0.2825,13-,2%-3%,1%-2%,0.0-0.4
34.1725,0.2825,4-6,2%-3%,1%-2%,0.0-0.4
34.1775,0.2825,0-3,1%-2%,1%-2%,0.0-0.4
34.1825,0.2825,0-3,1%-2%,1%-2%,0.0-0.4
34.2075,0.2825,4-6,1%-2%,0%-1%,0.0-0.4
34.2125,0.2825,13-,1%-2%,1%-2%,0.0-0.4
34.2175,0.2825,7-9,3%-4%,2%-3%,0.4-0.8
34.2225,0.2825,0-3,1%-2%,1%-2%,0.4-0.8
34.2275,0.2825,0-3,1%-2%,0%-1%,0.4-0.8
34.2325,0.2825,0-3,0%-1%,0%-1%,0.0-0.4
34.2375,0.2825,0-3,0%-1%,0%-1%,0.0-0.4
34.2425,0.2825,0-3,1%-2%,0%-1%,0.0-0.4
34.2475,0.2825,0-3,0%-1%,0%-1%,0.0-0.4
34.2525,0.2825,0-3,0%-1%,0%-1%,0.0-0.4
34.2575,0.2825,0-3,1%-2%,0%-1%,0.0-0.4
34.2625,0.2825,0-3,2%-3%,1%-2%,0.0-0.4
34.2675,0.2825,0-3,1%-2%,1%-2%,0.0-0.4
34.2725,0.2825,0-3,0%-1%,0%-1%,0.0-0.4
34.2775,0.2825,0-3,0%-1%,0%-1%,0.0-0.4
34.2825,0.2825,7-9,1%-2%,1%-2%,0.8-1.2
34.2875,0.2825,0-3,0%-1%,0%-1%,0.8-1.2
34.2925,0.2825,0-3,2%-3%,1%-2%,0.4-0.8
34.2975,0.2825,0-3,1%-2%,1%-2%,0.0-0.4
34.3025,0.2825,10-12,1%-2%,1%-2%,0.0-0.4
34.3075,0.2825,13-,1%-2%,1%-2%,0.0-0.4
34.3125,0.2825,0-3,0%-1%,0%-1%,0.0-0.4
34.3175,0.2825,0-3,0%-1%,0%-1%,0.0-0.4
34.3225,0.2825,0-3,1%-2%,0%-1%,0.0-0.4
34.3275,0.2825,0-3,1%-2%,0%-1%,0.0-0.4
34.3325,0.2825,0-3,1%-2%,0%-1%,0.0-0.4
34.3375,0.2825,0-3,1%-2%,0%-1%,0.0-0.4
34.3425,0.2825,0-3,2%-3%,1%-2%,0.0-0.4
34.3475,0.2825,0-3,0%-1%,0%-1%,0.0-0.4
34.3575,0.2825,13-,1%-2%,0%-1%,0.0-0.4
34.3625,0.2825,0-3,0%-1%,0%-1%,0.0-0.4
34.3675,0.2825,4-6,1%-2%,0%-1%,0.0-0.4
34.3725,0.2825,13-,1%-2%,0%-1%,0.0-0.4
34.3775,0.2825,10-12,0%-1%,0%-1%,0.0-0.4
34.3825,0.2825,4-6,0%-1%,0%-1%,0.0-0.4
34.3875,0.2825,0-3,1%-2%,1%-2%,0.0-0.4
34.3925,0.2825,0-3,0%-1%,0%-1%,0.0-0.4
34.1625,0.2875,7-9,1%-2%,1%-2%,0.0-0.4
34.1675,0.2875,10-12,1%-2%,1%-2%,0.0-0.4
34.1725,0.2875,10-12,3%-4%,2%-3%,0.0-0.4
34.1775,0.2875,0-3,1%-2%,0%-1%,0.0-0.4
34.2175,0.2875,0-3,1%-2%,1%-2%,0.4-0.8
34.2225,0.2875,0-3,2%-3%,1%-2%,0.4-0.8
34.2275,0.2875,4-6,1%-2%,1%-2%,0.0-0.4
34.2325,0.2875,0-3,2%-3%,1%-2%,0.0-0.4
34.2375,0.2875,0-3,0%-1%,0%-1%,0.0-0.4
34.2425,0.2875,0-3,1%-2%,1%-2%,0.0-0.4
34.2475,0.2875,0-3,2%-3%,1%-2%,0.0-0.4
34.2525,0.2875,4-6,2%-3%,1%-2%,0.0-0.4
34.2575,0.2875,0-3,2%-3%,1%-2%,0.4-0.8
34.2625,0.2875,0-3,3%-4%,2%-3%,0.4-0.8
34.2675,0.2875,0-3,1%-2%,0%-1%,0.0-0.4
34.2775,0.2875,0-3,0%-1%,0%-1%,0.0-0.4
34.2825,0.2875,10-12,0%-1%,0%-1%,0.4-0.8
34.2875,0.2875,4-6,1%-2%,0%-1%,0.4-0.8
34.2925,0.2875,0-3,1%-2%,1%-2%,0.0-0.4
34.2975,0.2875,7-9,1%-2%,1%-2%,0.0-0.4
34.3025,0.2875,7-9,1%-2%,1%-2%,0.0-0.4
34.3075,0.2875,4-6,1%-2%,0%-1%,0.0-0.4
34.3125,0.2875,0-3,1%-2%,0%-1%,0.0-0.4
34.3175,0.2875,7-9,1%-2%,0%-1%,0.0-0.4
34.3225,0.2875,13-,1%-2%,0%-1%,0.0-0.4
34.3275,0.2875,0-3,0%-1%,0%-1%,0.0-0.4
34.3325,0.2875,0-3,1%-2%,0%-1%,0.0-0.4
34.3375,0.2875,0-3,0%-1%,0%-1%,0.0-0.4
34.3425,0.2875,0-3,1%-2%,0%-1%,0.0-0.4
34.3475,0.2875,4-6,1%-2%,1%-2%,0.0-0.4
34.3525,0.2875,0-3,0%-1%,0%-1%,0.0-0.4
34.3575,0.2875,7-9,1%-2%,1%-2%,0.0-0.4
34.3625,0.2875,0-3,1%-2%,0%-1%,0.0-0.4
34.3675,0.2875,4-6,1%-2%,1%-2%,0.0-0.4
34.3725,0.2875,10-12,1%-2%,1%-2%,0.0-0.4
34.3775,0.2875,13-,0%-1%,0%-1%,0.0-0.4
34.3825,0.2875,4-6,0%-1%,0%-1%,0.0-0.4
34.3875,0.2875,0-3,1%-2%,1%-2%,0.0-0.4
34.3925,0.2875,0-3,1%-2%,1%-2%,0.0-0.4
34.1625,0.2925,0-3,0%-1%,0%-1%,0.0-0.4
34.1675,0.2925,7-9,2%-3%,1%-2%,0.0-0.4
34.1725,0.2925,0-3,3%-4%,2%-3%,0.0-0.4
34.2425,0.2925,4-6,1%-2%,0%-1%,0.0-0.4
34.2475,0.2925,10-12,2%-3%,1%-2%,0.0-0.4
34.2525,0.2925,4-6,1%-2%,0%-1%,0.0-0.4
34.2575,0.2925,0-3,1%-2%,0%-1%,0.4-0.8
34.2625,0.2925,0-3,1%-2%,0%-1%,0.4-0.8
34.2675,0.2925,0-3,2%-3%,1%-2%,0.0-0.4
34.2725,0.2925,0-3,0%-1%,0%-1%,0.0-0.4
34.2775,0.2925,0-3,1%-2%,0%-1%,0.0-0.4
34.2825,0.2925,0-3,0%-1%,0%-1%,0.0-0.4
34.2875,0.2925,0-3,1%-2%,0%-1%,0.0-0.4
34.2925,0.2925,0-3,2%-3%,1%-2%,0.0-0.4
34.2975,0.2925,0-3,1%-2%,0%-1%,0.0-0.4
34.3025,0.2925,0-3,0%-1%,0%-1%,0.0-0.4
34.3075,0.2925,0-3,1%-2%,0%-1%,0.0-0.4
34.3125,0.2925,0-3,0%-1%,0%-1%,0.0-0.4
34.3175,0.2925,0-3,0%-1%,0%-1%,0.0-0.4
34.3225,0.2925,13-,1%-2%,1%-2%,0.0-0.4
34.3275,0.2925,7-9,1%-2%,0%-1%,0.0-0.4
34.3325,0.2925,0-3,0%-1%,0%-1%,0.0-0.4
34.3375,0.2925,0-3,1%-2%,0%-1%,0.0-0.4
34.3425,0.2925,0-3,1%-2%,0%-1%,0.0-0.4
34.3475,0.2925,13-,1%-2%,1%-2%,0.0-0.4
34.3525,0.2925,7-9,0%-1%,0%-1%,0.0-0.4
34.3575,0.2925,0-3,0%-1%,0%-1%,0.0-0.4
34.3625,0.2925,4-6,0%-1%,0%-1%,0.0-0.4
34.3675,0.2925,7-9,1%-2%,0%-1%,0.0-0.4
34.3725,0.2925,0-3,0%-1%,0%-1%,0.0-0.4
34.3775,0.2925,10-12,0%-1%,0%-1%,0.0-0.4
34.3825,0.2925,13-,0%-1%,0%-1%,0.0-0.4
34.3875,0.2925,0-3,0%-1%,0%-1%,0.0-0.4
34.3925,0.2925,0-3,1%-2%,0%-1%,0.0-0.4
34.1675,0.2975,0-3,1%-2%,0%-1%,0.0-0.4
34.2525,0.2975,7-9,1%-2%,0%-1%,0.0-0.4
34.2575,0.2975,4-6,3%-4%,1%-2%,0.0-0.4
34.2625,0.2975,0-3,2%-3%,1%-2%,0.0-0.4
34.2675,0.2975,0-3,2%-3%,1%-2%,0.0-0.4
34.2725,0.2975,0-3,2%-3%,1%-2%,0.0-0.4
34.2775,0.2975,0-3,1%-2%,0%-1%,0.0-0.4
34.2825,0.2975,0-3,2%-3%,1%-2%,0.0-0.4
34.2875,0.2975,0-3,2%-3%,1%-2%,0.0-0.4
34.2925,0.2975,0-3,1%-2%,0%-1%,0.0-0.4
34.2975,0.2975,0-3,0%-1%,0%-1%,0.0-0.4
34.3025,0.2975,0-3,0%-1%,0%-1%,0.0-0.4
34.3075,0.2975,0-3,0%-1%,0%-1%,0.0-0.4
34.3125,0.2975,0-3,1%-2%,0%-1%,0.0-0.4
34.3175,0.2975,0-3,1%-2%,0%-1%,0.0-0.4
34.3225,0.2975,4-6,0%-1%,0%-1%,0.0-0.4
34.3275,0.2975,13-,1%-2%,0%-1%,0.0-0.4
34.3325,0.2975,4-6,1%-2%,0%-1%,0.0-0.4
34.3375,0.2975,13-,1%-2%,1%-2%,0.0-0.4
34.3425,0.2975,0-3,1%-2%,0%-1%,0.0-0.4
34.3475,0.2975,0-3,2%-3%,2%-3%,0.0-0.4
34.3525,0.2975,0-3,1%-2%,1%-2%,0.0-0.4
34.3575,0.2975,0-3,1%-2%,0%-1%,0.0-0.4
34.3625,0.2975,0-3,1%-2%,0%-1%,0.0-0.4
34.3675,0.2975,7-9,1%-2%,0%-1%,0.0-0.4
34.3725,0.2975,7-9,1%-2%,0%-1%,0.0-0.4
34.3775,0.2975,13-,1%-2%,1%-2%,0.0-0.4
34.3825,0.2975,13-,1%-2%,0%-1%,0.0-0.4
34.2475,0.3025,0-3,0%-1%,0%-1%,0.0-0.4
34.2525,0.3025,13-,1%-2%,0%-1%,0.0-0.4
34.2575,0.3025,4-6,2%-3%,2%-3%,0.0-0.4
34.2625,0.3025,0-3,2%-3%,1%-2%,0.0-0.4
34.2675,0.3025,13-,2%-3%,1%-2%,0.0-0.4
34.2725,0.3025,0-3,1%-2%,0%-1%,0.0-0.4
34.2775,0.3025,0-3,1%-2%,0%-1%,0.0-0.4
34.2825,0.3025,0-3,3%-4%,2%-3%,0.4-0.8
34.2875,0.3025,13-,3%-4%,2%-3%,0.4-0.8
34.2925,0.3025,4-6,1%-2%,0%-1%,0.0-0.4
34.2975,0.3025,0-3,0%-1%,0%-1%,0.0-0.4
34.3025,0.3025,0-3,1%-2%,0%-1%,0.0-0.4
34.3075,0.3025,0-3,1%-2%,1%-2%,0.0-0.4
34.3125,0.3025,0-3,1%-2%,1%-2%,0.0-0.4
34.3175,0.3025,0-3,1%-2%,1%-2%,0.0-0.4
34.3225,0.3025,4-6,0%-1%,0%-1%,0.0-0.4
34.3275,0.3025,13-,1%-2%,0%-1%,0.0-0.4
34.3325,0.3025,13-,2%-3%,1%-2%,0.0-0.4
34.3375,0.3025,13-,2%-3%,1%-2%,0.0-0.4
34.3425,0.3025,0-3,0%-1%,0%-1%,0.0-0.4
34.3475,0.3025,0-3,3%-4%,2%-3%,0.0-0.4
34.3525,0.3025,0-3,1%-2%,1%-2%,0.0-0.4
34.3575,0.3025,0-3,1%-2%,0%-1%,0.0-0.4
34.3625,0.3025,0-3,1%-2%,0%-1%,0.0-0.4
34.3675,0.3025,0-3,1%-2%,0%-1%,0.0-0.4
34.3725,0.3025,13-,0%-1%,0%-1%,0.0-0.4
34.3775,0.3025,13-,1%-2%,0%-1%,0.0-0.4
34.3825,0.3025,0-3,1%-2%,1%-2%,0.0-0.4
34.2525,0.3075,13-,2%-3%,1%-2%,0.0-0.4
34.2575,0.3075,7-9,1%-2%,1%-2%,0.0-0.4
34.2625,0.3075,0-3,0%-1%,0%-1%,0.0-0.4
34.2675,0.3075,0-3,0%-1%,0%-1%,0.0-0.4
34.2725,0.3075,0-3,0%-1%,0%-1%,0.0-0.4
34.2775,0.3075,0-3,1%-2%,0%-1%,0.0-0.4
34.2825,0.3075,0-3,2%-3%,1%-2%,0.8-1.2
34.2925,0.3075,4-6,2%-3%,1%-2%,0.0-0.4
34.2975,0.3075,0-3,2%-3%,1%-2%,0.0-0.4
34.3025,0.3075,0-3,1%-2%,0%-1%,0.0-0.4
34.3075,0.3075,0-3,2%-3%,1%-2%,0.0-0.4
34.3125,0.3075,0-3,1%-2%,1%-2%,0.4-0.8
34.3175,0.3075,0-3,1%-2%,0%-1%,0.0-0.4
34.3275,0.3075,13-,2%-3%,1%-2%,0.0-0.4
34.3325,0.3075,13-,1%-2%,1%-2%,0.0-0.4
34.3375,0.3075,10-12,3%-4%,2%-3%,0.0-0.4
34.3425,0.3075,0-3,1%-2%,0%-1%,0.0-0.4
